model,group,acc,acc_corr_high,acc_corr_low,chenh,tang_toi_da
1-NN pixel,1-NN pixel,0.7363,0.9286,0.7091,0.2195,0.0272
simple_run_1,simple,0.8956,0.8857,0.897,-0.0113,-0.0014
simple_run_2,simple,0.9204,0.9286,0.9192,0.0094,0.0012
simple_run_3,simple,0.8956,0.8429,0.903,-0.0602,-0.0075
complex_run_1,complex,0.9327,0.9571,0.9293,0.0278,0.0035
complex_run_2,complex,0.9115,0.9,0.9131,-0.0131,-0.0016
complex_run_3,complex,0.9327,0.9143,0.9354,-0.0211,-0.0026
transfer_run_1,transfer,0.9381,0.9571,0.9354,0.0218,0.0027
transfer_run_2,transfer,0.9398,0.9286,0.9414,-0.0128,-0.0016
transfer_run_3,transfer,0.9381,0.9571,0.9354,0.0218,0.0027
