removed (original filepath),kept (original filepath),label
train/ALABAMA/110.jpg,train/ALABAMA/009.jpg,ALABAMA
train/AMERICAN SAMOA/096.jpg,train/AMERICAN SAMOA/002.jpg,AMERICAN SAMOA
train/AMERICAN SAMOA/111.jpg,train/AMERICAN SAMOA/090.jpg,AMERICAN SAMOA
train/AMERICAN SAMOA/127.jpg,train/AMERICAN SAMOA/023.jpg,AMERICAN SAMOA
train/ARKANSAS/135.jpg,train/ARKANSAS/105.jpg,ARKANSAS
train/CALIFORNIA/046.jpg,train/CALIFORNIA/045.jpg,CALIFORNIA
train/CALIFORNIA/137.jpg,train/CALIFORNIA/045.jpg,CALIFORNIA
train/CONNECTICUT/082.jpg,train/CONNECTICUT/059.jpg,CONNECTICUT
train/CONNECTICUT/103.jpg,train/CONNECTICUT/102.jpg,CONNECTICUT
train/FLORIDA/111.jpg,train/FLORIDA/034.jpg,FLORIDA
train/GEORGIA/121.jpg,train/GEORGIA/120.jpg,GEORGIA
train/GUAM/147.jpg,train/GUAM/061.jpg,GUAM
train/HAWAI/035.jpg,train/HAWAI/032.jpg,HAWAII
train/HAWAI/062.jpg,train/HAWAI/052.jpg,HAWAII
train/HAWAI/078.jpg,train/HAWAI/026.jpg,HAWAII
train/HAWAI/089.jpg,train/HAWAI/075.jpg,HAWAII
train/HAWAI/119.jpg,train/HAWAI/041.jpg,HAWAII
train/IDAHO/141.jpg,train/IDAHO/015.jpg,IDAHO
train/IDAHO/144.jpg,train/IDAHO/030.jpg,IDAHO
train/ILLINOIS/102.jpg,train/ILLINOIS/015.jpg,ILLINOIS
train/KENTUCKY/097.jpg,train/KENTUCKY/045.jpg,KENTUCKY
train/LOUISIANA/142.jpg,train/LOUISIANA/046.jpg,LOUISIANA
train/MISSOURI/041.jpg,train/MISSOURI/039.jpg,MISSOURI
train/MISSOURI/092.jpg,train/MISSOURI/039.jpg,MISSOURI
train/MISSOURI/135.jpg,train/MISSOURI/120.jpg,MISSOURI
train/NEBRASKA/123.jpg,train/NEBRASKA/045.jpg,NEBRASKA
train/NEVADA/121.jpg,train/NEVADA/042.jpg,NEVADA
train/NEW HAMPSHIRE/155.jpg,train/NEW HAMPSHIRE/042.jpg,NEW HAMPSHIRE
train/NEW YORK/071.jpg,train/NEW YORK/012.jpg,NEW YORK
train/NORTH CAROLINA/121.jpg,train/NORTH CAROLINA/089.jpg,NORTH CAROLINA
train/NORTH DAKOTA/086.jpg,train/NORTH DAKOTA/015.jpg,NORTH DAKOTA
train/OHIO/106.jpg,train/OHIO/017.jpg,OHIO
train/OHIO/110.jpg,train/OHIO/018.jpg,OHIO
train/OHIO/136.jpg,train/OHIO/134.jpg,OHIO
train/OKLAHOMA/011.jpg,train/OKLAHOMA/007.jpg,OKLAHOMA
train/PENNSYLVANIA/136.jpg,train/PENNSYLVANIA/049.jpg,PENNSYLVANIA
train/SOUTH CAROLINA/107.jpg,train/SOUTH CAROLINA/036.jpg,SOUTH CAROLINA
train/SOUTH DAKOTA/094.jpg,train/SOUTH DAKOTA/091.jpg,SOUTH DAKOTA
train/SOUTH DAKOTA/096.jpg,train/SOUTH DAKOTA/010.jpg,SOUTH DAKOTA
train/SOUTH DAKOTA/102.jpg,train/SOUTH DAKOTA/053.jpg,SOUTH DAKOTA
train/U S VIRGIN ISLANDS/017.jpg,train/U S VIRGIN ISLANDS/004.jpg,U S VIRGIN ISLANDS
train/UTAH/157.jpg,train/UTAH/043.jpg,UTAH
train/VERMONT/123.jpg,train/VERMONT/025.jpg,VERMONT
train/WASHINGTON/103.jpg,train/WASHINGTON/027.jpg,WASHINGTON
train/WASHINGTON DC/013.jpg,train/WASHINGTON DC/008.jpg,WASHINGTON DC
train/WASHINGTON DC/026.jpg,train/WASHINGTON DC/006.jpg,WASHINGTON DC
train/WEST VIRGINIA/069.jpg,train/WEST VIRGINIA/060.jpg,WEST VIRGINIA
train/WEST VIRGINIA/089.jpg,train/WEST VIRGINIA/085.jpg,WEST VIRGINIA
train/WISCONSIN/069.jpg,train/WISCONSIN/003.jpg,WISCONSIN
train/WISCONSIN/130.jpg,train/WISCONSIN/125.jpg,WISCONSIN
train/WISCONSIN/138.jpg,train/WISCONSIN/090.jpg,WISCONSIN
train/WYOMING/130.jpg,train/WYOMING/104.jpg,WYOMING
train/WYOMING/149.jpg,train/WYOMING/091.jpg,WYOMING
valid/DELAWARE/3.jpg,train/DELAWARE/011.jpg,DELAWARE
valid/IOWA/2.jpg,train/IOWA/036.jpg,IOWA
valid/KENTUCKY/3.jpg,train/KENTUCKY/025.jpg,KENTUCKY
valid/RHODE ISLAND/5.jpg,train/RHODE ISLAND/020.jpg,RHODE ISLAND
valid/TENNESSEE/2.jpg,train/TENNESSEE/035.jpg,TENNESSEE
test/ALABAMA/4.jpg,train/ALABAMA/133.jpg,ALABAMA
test/GEORGIA/5.jpg,train/GEORGIA/098.jpg,GEORGIA
test/NORTH CAROLINA/4.jpg,train/NORTH CAROLINA/142.jpg,NORTH CAROLINA
test/NORTH DAKOTA/3.jpg,test/NORTH DAKOTA/2.jpg,NORTH DAKOTA
test/OREGON/1.jpg,valid/OREGON/5.jpg,OREGON
test/OREGON/4.jpg,train/OREGON/096.jpg,OREGON
test/RHODE ISLAND/5.jpg,train/RHODE ISLAND/059.jpg,RHODE ISLAND
