aug_key,aug_split,src_key,src_split,transform,corr
Training/meningioma/Tr-aug-me_1.jpg,Training,Testing/meningioma/Te-me_146.jpg,Testing,lật ngang,0.8
Training/meningioma/Tr-aug-me_10.jpg,Training,Training/meningioma/Tr-me_12.jpg,Training,xoay 180,0.839
Training/meningioma/Tr-aug-me_100.jpg,Training,Training/meningioma/Tr-me_848.jpg,Training,lật ngang,1.0
Training/meningioma/Tr-aug-me_11.jpg,Training,Training/meningioma/Tr-me_1126.jpg,Training,lật dọc,0.916
Training/meningioma/Tr-aug-me_12.jpg,Training,Testing/meningioma/Te-me_242.jpg,Testing,giữ nguyên,0.643
Training/meningioma/Tr-aug-me_13.jpg,Training,Training/meningioma/Tr-me_1230.jpg,Training,lật ngang,0.871
Training/meningioma/Tr-aug-me_14.jpg,Training,Training/meningioma/Tr-me_1221.jpg,Training,giữ nguyên,0.62
Training/meningioma/Tr-aug-me_15.jpg,Training,Training/meningioma/Tr-me_739.jpg,Training,lật ngang,0.776
Training/meningioma/Tr-aug-me_16.jpg,Training,Training/meningioma/Tr-me_454.jpg,Training,xoay 180,0.845
Training/meningioma/Tr-aug-me_17.jpg,Training,Testing/meningioma/Te-me_133.jpg,Testing,xoay 180,0.866
Training/meningioma/Tr-aug-me_18.jpg,Training,Training/meningioma/Tr-me_585.jpg,Training,giữ nguyên,0.728
Training/meningioma/Tr-aug-me_19.jpg,Training,Training/meningioma/Tr-me_826.jpg,Training,lật ngang,0.913
Training/meningioma/Tr-aug-me_2.jpg,Training,Training/meningioma/Tr-me_357.jpg,Training,xoay 180,0.896
Training/meningioma/Tr-aug-me_20.jpg,Training,Training/meningioma/Tr-me_1278.jpg,Training,lật ngang,0.868
Training/meningioma/Tr-aug-me_21.jpg,Training,Training/meningioma/Tr-me_1239.jpg,Training,lật ngang,0.892
Training/meningioma/Tr-aug-me_22.jpg,Training,Training/meningioma/Tr-me_425.jpg,Training,giữ nguyên,0.867
Training/meningioma/Tr-aug-me_23.jpg,Training,Training/meningioma/Tr-me_505.jpg,Training,lật ngang,0.904
Training/meningioma/Tr-aug-me_24.jpg,Training,Training/meningioma/Tr-me_1048.jpg,Training,lật ngang,0.766
Training/meningioma/Tr-aug-me_25.jpg,Training,Training/meningioma/Tr-me_350.jpg,Training,giữ nguyên,0.881
Training/meningioma/Tr-aug-me_26.jpg,Training,Training/meningioma/Tr-me_1257.jpg,Training,lật dọc,0.859
Training/meningioma/Tr-aug-me_27.jpg,Training,Training/meningioma/Tr-me_535.jpg,Training,giữ nguyên,0.907
Training/meningioma/Tr-aug-me_28.jpg,Training,Training/meningioma/Tr-me_995.jpg,Training,lật dọc,0.915
Training/meningioma/Tr-aug-me_29.jpg,Training,Training/meningioma/Tr-me_1285.jpg,Training,giữ nguyên,0.932
Training/meningioma/Tr-aug-me_3.jpg,Training,Training/meningioma/Tr-me_381.jpg,Training,giữ nguyên,0.86
Training/meningioma/Tr-aug-me_30.jpg,Training,Training/meningioma/Tr-me_1180.jpg,Training,lật ngang,0.824
Training/meningioma/Tr-aug-me_31.jpg,Training,Training/meningioma/Tr-me_505.jpg,Training,lật ngang,0.851
Training/meningioma/Tr-aug-me_32.jpg,Training,Training/meningioma/Tr-me_982.jpg,Training,giữ nguyên,0.827
Training/meningioma/Tr-aug-me_33.jpg,Training,Training/meningioma/Tr-me_585.jpg,Training,lật ngang,0.72
Training/meningioma/Tr-aug-me_34.jpg,Training,Training/meningioma/Tr-me_928.jpg,Training,giữ nguyên,0.795
Training/meningioma/Tr-aug-me_35.jpg,Training,Training/meningioma/Tr-me_189.jpg,Training,giữ nguyên,0.744
Training/meningioma/Tr-aug-me_36.jpg,Training,Testing/glioma/Te-gl_149.jpg,Testing,xoay 180,0.861
Training/meningioma/Tr-aug-me_37.jpg,Training,Training/meningioma/Tr-me_44.jpg,Training,giữ nguyên,0.899
Training/meningioma/Tr-aug-me_38.jpg,Training,Training/meningioma/Tr-me_296.jpg,Training,lật ngang,0.872
Training/meningioma/Tr-aug-me_39.jpg,Training,Training/meningioma/Tr-me_431.jpg,Training,giữ nguyên,0.789
Training/meningioma/Tr-aug-me_4.jpg,Training,Training/meningioma/Tr-me_237.jpg,Training,lật dọc,0.941
Training/meningioma/Tr-aug-me_40.jpg,Training,Training/glioma/Tr-gl_1106.jpg,Training,lật ngang,0.746
Training/meningioma/Tr-aug-me_41.jpg,Training,Training/meningioma/Tr-me_117.jpg,Training,giữ nguyên,0.733
Training/meningioma/Tr-aug-me_42.jpg,Training,Training/meningioma/Tr-me_165.jpg,Training,lật ngang,0.886
Training/meningioma/Tr-aug-me_43.jpg,Training,Testing/meningioma/Te-me_92.jpg,Testing,giữ nguyên,0.817
Training/meningioma/Tr-aug-me_44.jpg,Training,Training/meningioma/Tr-me_1161.jpg,Training,giữ nguyên,0.688
Training/meningioma/Tr-aug-me_45.jpg,Training,Training/meningioma/Tr-me_514.jpg,Training,giữ nguyên,0.668
Training/meningioma/Tr-aug-me_46.jpg,Training,Training/meningioma/Tr-me_700.jpg,Training,xoay 180,0.773
Training/meningioma/Tr-aug-me_47.jpg,Training,Training/meningioma/Tr-me_803.jpg,Training,lật dọc,0.864
Training/meningioma/Tr-aug-me_48.jpg,Training,Training/meningioma/Tr-me_155.jpg,Training,giữ nguyên,0.847
Training/meningioma/Tr-aug-me_49.jpg,Training,Training/meningioma/Tr-me_723.jpg,Training,giữ nguyên,0.802
Training/meningioma/Tr-aug-me_5.jpg,Training,Training/meningioma/Tr-me_882.jpg,Training,giữ nguyên,0.868
Training/meningioma/Tr-aug-me_50.jpg,Training,Training/meningioma/Tr-me_1.jpg,Training,giữ nguyên,0.831
Training/meningioma/Tr-aug-me_51.jpg,Training,Training/glioma/Tr-gl_1269.jpg,Training,giữ nguyên,0.886
Training/meningioma/Tr-aug-me_52.jpg,Training,Training/meningioma/Tr-me_995.jpg,Training,lật dọc,0.832
Training/meningioma/Tr-aug-me_53.jpg,Training,Training/meningioma/Tr-me_1275.jpg,Training,giữ nguyên,0.838
Training/meningioma/Tr-aug-me_54.jpg,Training,Training/meningioma/Tr-me_1275.jpg,Training,giữ nguyên,0.809
Training/meningioma/Tr-aug-me_55.jpg,Training,Training/meningioma/Tr-me_851.jpg,Training,lật dọc,0.803
Training/meningioma/Tr-aug-me_56.jpg,Training,Training/meningioma/Tr-me_380.jpg,Training,giữ nguyên,0.917
Training/meningioma/Tr-aug-me_57.jpg,Training,Training/meningioma/Tr-me_874.jpg,Training,lật ngang,0.543
Training/meningioma/Tr-aug-me_58.jpg,Training,Training/meningioma/Tr-me_861.jpg,Training,giữ nguyên,0.761
Training/meningioma/Tr-aug-me_59.jpg,Training,Training/meningioma/Tr-me_164.jpg,Training,lật ngang,0.84
Training/meningioma/Tr-aug-me_6.jpg,Training,Training/meningioma/Tr-me_657.jpg,Training,lật ngang,0.911
Training/meningioma/Tr-aug-me_60.jpg,Training,Training/meningioma/Tr-me_392.jpg,Training,giữ nguyên,0.747
Training/meningioma/Tr-aug-me_61.jpg,Training,Training/pituitary/Tr-pi_917.jpg,Training,xoay 180,0.724
Training/meningioma/Tr-aug-me_62.jpg,Training,Training/meningioma/Tr-me_1096.jpg,Training,giữ nguyên,0.855
Training/meningioma/Tr-aug-me_63.jpg,Training,Training/meningioma/Tr-me_1008.jpg,Training,lật ngang,0.838
Training/meningioma/Tr-aug-me_64.jpg,Training,Training/meningioma/Tr-me_134.jpg,Training,giữ nguyên,0.875
Training/meningioma/Tr-aug-me_65.jpg,Training,Training/meningioma/Tr-me_327.jpg,Training,giữ nguyên,0.781
Training/meningioma/Tr-aug-me_66.jpg,Training,Testing/meningioma/Te-me_237.jpg,Testing,lật ngang,0.851
Training/meningioma/Tr-aug-me_67.jpg,Training,Training/meningioma/Tr-me_1287.jpg,Training,giữ nguyên,0.956
Training/meningioma/Tr-aug-me_68.jpg,Training,Training/meningioma/Tr-me_636.jpg,Training,giữ nguyên,0.88
Training/meningioma/Tr-aug-me_69.jpg,Training,Training/meningioma/Tr-me_801.jpg,Training,lật ngang,0.776
Training/meningioma/Tr-aug-me_7.jpg,Training,Training/meningioma/Tr-me_798.jpg,Training,giữ nguyên,0.792
Training/meningioma/Tr-aug-me_70.jpg,Training,Training/glioma/Tr-gl_17.jpg,Training,xoay 180,0.704
Training/meningioma/Tr-aug-me_71.jpg,Training,Training/meningioma/Tr-me_668.jpg,Training,giữ nguyên,0.875
Training/meningioma/Tr-aug-me_72.jpg,Training,Testing/pituitary/Te-pi_31.jpg,Testing,lật ngang,0.796
Training/meningioma/Tr-aug-me_73.jpg,Training,Training/meningioma/Tr-me_984.jpg,Training,lật dọc,0.715
Training/meningioma/Tr-aug-me_74.jpg,Training,Training/meningioma/Tr-me_1075.jpg,Training,giữ nguyên,0.662
Training/meningioma/Tr-aug-me_75.jpg,Training,Training/meningioma/Tr-me_943.jpg,Training,lật ngang,0.785
Training/meningioma/Tr-aug-me_76.jpg,Training,Training/meningioma/Tr-me_252.jpg,Training,lật dọc,0.924
Training/meningioma/Tr-aug-me_77.jpg,Training,Training/meningioma/Tr-me_231.jpg,Training,lật ngang,0.915
Training/meningioma/Tr-aug-me_78.jpg,Training,Training/meningioma/Tr-me_71.jpg,Training,giữ nguyên,0.894
Training/meningioma/Tr-aug-me_79.jpg,Training,Training/meningioma/Tr-me_242.jpg,Training,lật dọc,0.862
Training/meningioma/Tr-aug-me_8.jpg,Training,Training/meningioma/Tr-me_1259.jpg,Training,lật ngang,0.82
Training/meningioma/Tr-aug-me_80.jpg,Training,Training/meningioma/Tr-me_483.jpg,Training,giữ nguyên,0.806
Training/meningioma/Tr-aug-me_81.jpg,Training,Training/meningioma/Tr-me_659.jpg,Training,xoay 180,0.773
Training/meningioma/Tr-aug-me_82.jpg,Training,Training/meningioma/Tr-me_157.jpg,Training,giữ nguyên,0.905
Training/meningioma/Tr-aug-me_83.jpg,Training,Training/meningioma/Tr-me_593.jpg,Training,xoay 180,0.802
Training/meningioma/Tr-aug-me_84.jpg,Training,Training/meningioma/Tr-me_850.jpg,Training,giữ nguyên,0.767
Training/meningioma/Tr-aug-me_85.jpg,Training,Training/meningioma/Tr-me_359.jpg,Training,lật ngang,0.951
Training/meningioma/Tr-aug-me_86.jpg,Training,Training/meningioma/Tr-me_774.jpg,Training,giữ nguyên,0.801
Training/meningioma/Tr-aug-me_87.jpg,Training,Training/meningioma/Tr-me_999.jpg,Training,lật ngang,0.757
Training/meningioma/Tr-aug-me_88.jpg,Training,Training/meningioma/Tr-me_1153.jpg,Training,lật ngang,0.737
Training/meningioma/Tr-aug-me_89.jpg,Training,Training/meningioma/Tr-me_889.jpg,Training,giữ nguyên,1.0
Training/meningioma/Tr-aug-me_9.jpg,Training,Training/meningioma/Tr-me_764.jpg,Training,lật ngang,0.81
Training/meningioma/Tr-aug-me_90.jpg,Training,Training/meningioma/Tr-me_1242.jpg,Training,giữ nguyên,1.0
Training/meningioma/Tr-aug-me_91.jpg,Training,Training/meningioma/Tr-me_245.jpg,Training,giữ nguyên,1.0
Training/meningioma/Tr-aug-me_92.jpg,Training,Training/meningioma/Tr-me_268.jpg,Training,giữ nguyên,1.0
Training/meningioma/Tr-aug-me_93.jpg,Training,Training/meningioma/Tr-me_963.jpg,Training,lật ngang,1.0
Training/meningioma/Tr-aug-me_94.jpg,Training,Training/meningioma/Tr-me_824.jpg,Training,giữ nguyên,1.0
Training/meningioma/Tr-aug-me_95.jpg,Training,Training/meningioma/Tr-me_1295.jpg,Training,giữ nguyên,1.0
Training/meningioma/Tr-aug-me_96.jpg,Training,Training/meningioma/Tr-me_607.jpg,Training,lật ngang,1.0
Training/meningioma/Tr-aug-me_97.jpg,Training,Training/meningioma/Tr-me_532.jpg,Training,giữ nguyên,1.0
Training/meningioma/Tr-aug-me_98.jpg,Training,Training/meningioma/Tr-me_1274.jpg,Training,giữ nguyên,1.0
Training/meningioma/Tr-aug-me_99.jpg,Training,Training/meningioma/Tr-me_809.jpg,Training,lật ngang,1.0
Testing/meningioma/Te-aug-me_1.jpg,Testing,Training/meningioma/Tr-me_1285.jpg,Training,giữ nguyên,0.908
Testing/meningioma/Te-aug-me_10.jpg,Testing,Training/meningioma/Tr-me_250.jpg,Training,xoay 180,0.739
Testing/meningioma/Te-aug-me_100.jpg,Testing,Training/meningioma/Tr-me_18.jpg,Training,lật ngang,0.788
Testing/meningioma/Te-aug-me_101.jpg,Testing,Training/meningioma/Tr-me_18.jpg,Training,giữ nguyên,0.747
Testing/meningioma/Te-aug-me_102.jpg,Testing,Training/meningioma/Tr-me_871.jpg,Training,xoay 180,0.8
Testing/meningioma/Te-aug-me_103.jpg,Testing,Training/meningioma/Tr-me_1042.jpg,Training,lật ngang,0.816
Testing/meningioma/Te-aug-me_11.jpg,Testing,Training/meningioma/Tr-me_812.jpg,Training,lật ngang,0.703
Testing/meningioma/Te-aug-me_12.jpg,Testing,Training/meningioma/Tr-me_1006.jpg,Training,giữ nguyên,0.816
Testing/meningioma/Te-aug-me_13.jpg,Testing,Testing/glioma/Te-gl_321.jpg,Testing,lật dọc,0.717
Testing/meningioma/Te-aug-me_14.jpg,Testing,Training/meningioma/Tr-me_1129.jpg,Training,lật dọc,0.728
Testing/meningioma/Te-aug-me_15.jpg,Testing,Testing/meningioma/Te-me_211.jpg,Testing,giữ nguyên,0.846
Testing/meningioma/Te-aug-me_16.jpg,Testing,Training/meningioma/Tr-me_341.jpg,Training,xoay 180,0.795
Testing/meningioma/Te-aug-me_17.jpg,Testing,Training/glioma/Tr-gl_526.jpg,Training,giữ nguyên,0.793
Testing/meningioma/Te-aug-me_18.jpg,Testing,Training/meningioma/Tr-me_1254.jpg,Training,xoay 180,0.977
Testing/meningioma/Te-aug-me_19.jpg,Testing,Training/meningioma/Tr-me_1035.jpg,Training,xoay 180,0.791
Testing/meningioma/Te-aug-me_2.jpg,Testing,Training/meningioma/Tr-me_389.jpg,Training,lật dọc,0.954
Testing/meningioma/Te-aug-me_20.jpg,Testing,Training/meningioma/Tr-me_173.jpg,Training,lật dọc,0.891
Testing/meningioma/Te-aug-me_21.jpg,Testing,Testing/meningioma/Te-me_224.jpg,Testing,giữ nguyên,0.894
Testing/meningioma/Te-aug-me_22.jpg,Testing,Training/meningioma/Tr-me_332.jpg,Training,giữ nguyên,0.839
Testing/meningioma/Te-aug-me_23.jpg,Testing,Training/meningioma/Tr-me_372.jpg,Training,lật ngang,0.87
Testing/meningioma/Te-aug-me_24.jpg,Testing,Training/meningioma/Tr-me_1080.jpg,Training,lật ngang,0.889
Testing/meningioma/Te-aug-me_25.jpg,Testing,Training/meningioma/Tr-me_741.jpg,Training,giữ nguyên,0.854
Testing/meningioma/Te-aug-me_26.jpg,Testing,Training/meningioma/Tr-me_728.jpg,Training,lật ngang,0.799
Testing/meningioma/Te-aug-me_27.jpg,Testing,Training/meningioma/Tr-me_542.jpg,Training,lật dọc,0.814
Testing/meningioma/Te-aug-me_28.jpg,Testing,Testing/meningioma/Te-me_142.jpg,Testing,xoay 180,0.933
Testing/meningioma/Te-aug-me_29.jpg,Testing,Training/meningioma/Tr-me_1224.jpg,Training,lật ngang,0.893
Testing/meningioma/Te-aug-me_3.jpg,Testing,Training/meningioma/Tr-me_982.jpg,Training,lật ngang,0.811
Testing/meningioma/Te-aug-me_30.jpg,Testing,Training/meningioma/Tr-me_71.jpg,Training,xoay 180,0.859
Testing/meningioma/Te-aug-me_31.jpg,Testing,Testing/glioma/Te-gl_182.jpg,Testing,giữ nguyên,0.776
Testing/meningioma/Te-aug-me_32.jpg,Testing,Training/meningioma/Tr-me_185.jpg,Training,lật ngang,0.892
Testing/meningioma/Te-aug-me_33.jpg,Testing,Testing/meningioma/Te-me_53.jpg,Testing,giữ nguyên,0.874
Testing/meningioma/Te-aug-me_34.jpg,Testing,Training/meningioma/Tr-me_814.jpg,Training,xoay 180,0.887
Testing/meningioma/Te-aug-me_35.jpg,Testing,Training/pituitary/Tr-pi_1309.jpg,Training,giữ nguyên,0.931
Testing/meningioma/Te-aug-me_36.jpg,Testing,Testing/meningioma/Te-me_283.jpg,Testing,giữ nguyên,0.965
Testing/meningioma/Te-aug-me_37.jpg,Testing,Training/meningioma/Tr-me_198.jpg,Training,xoay 180,0.869
Testing/meningioma/Te-aug-me_38.jpg,Testing,Testing/meningioma/Te-me_289.jpg,Testing,lật dọc,0.93
Testing/meningioma/Te-aug-me_39.jpg,Testing,Training/meningioma/Tr-me_636.jpg,Training,giữ nguyên,0.933
Testing/meningioma/Te-aug-me_4.jpg,Testing,Training/meningioma/Tr-me_253.jpg,Training,lật ngang,0.881
Testing/meningioma/Te-aug-me_40.jpg,Testing,Training/pituitary/Tr-pi_91.jpg,Training,xoay 180,0.829
Testing/meningioma/Te-aug-me_41.jpg,Testing,Training/meningioma/Tr-me_189.jpg,Training,xoay 180,0.867
Testing/meningioma/Te-aug-me_42.jpg,Testing,Training/meningioma/Tr-me_1126.jpg,Training,lật dọc,0.897
Testing/meningioma/Te-aug-me_43.jpg,Testing,Training/meningioma/Tr-me_949.jpg,Training,giữ nguyên,0.796
Testing/meningioma/Te-aug-me_44.jpg,Testing,Training/meningioma/Tr-me_524.jpg,Training,lật dọc,0.948
Testing/meningioma/Te-aug-me_45.jpg,Testing,Training/meningioma/Tr-me_1074.jpg,Training,lật ngang,0.833
Testing/meningioma/Te-aug-me_46.jpg,Testing,Testing/meningioma/Te-me_203.jpg,Testing,lật dọc,0.888
Testing/meningioma/Te-aug-me_47.jpg,Testing,Training/glioma/Tr-gl_947.jpg,Training,giữ nguyên,0.828
Testing/meningioma/Te-aug-me_48.jpg,Testing,Training/meningioma/Tr-me_1046.jpg,Training,giữ nguyên,0.857
Testing/meningioma/Te-aug-me_49.jpg,Testing,Training/glioma/Tr-gl_469.jpg,Training,lật ngang,0.806
Testing/meningioma/Te-aug-me_5.jpg,Testing,Training/meningioma/Tr-me_764.jpg,Training,lật ngang,0.868
Testing/meningioma/Te-aug-me_50.jpg,Testing,Training/glioma/Tr-gl_497.jpg,Training,lật dọc,0.778
Testing/meningioma/Te-aug-me_51.jpg,Testing,Training/meningioma/Tr-me_433.jpg,Training,lật ngang,0.788
Testing/meningioma/Te-aug-me_52.jpg,Testing,Testing/meningioma/Te-me_99.jpg,Testing,lật dọc,0.796
Testing/meningioma/Te-aug-me_53.jpg,Testing,Training/meningioma/Tr-me_884.jpg,Training,lật dọc,0.889
Testing/meningioma/Te-aug-me_54.jpg,Testing,Training/meningioma/Tr-me_797.jpg,Training,lật dọc,0.864
Testing/meningioma/Te-aug-me_55.jpg,Testing,Training/glioma/Tr-gl_910.jpg,Training,giữ nguyên,0.819
Testing/meningioma/Te-aug-me_56.jpg,Testing,Testing/meningioma/Te-me_212.jpg,Testing,giữ nguyên,0.855
Testing/meningioma/Te-aug-me_57.jpg,Testing,Testing/meningioma/Te-me_297.jpg,Testing,giữ nguyên,0.889
Testing/meningioma/Te-aug-me_58.jpg,Testing,Training/meningioma/Tr-me_1027.jpg,Training,lật dọc,0.808
Testing/meningioma/Te-aug-me_59.jpg,Testing,Training/meningioma/Tr-me_176.jpg,Training,giữ nguyên,0.826
Testing/meningioma/Te-aug-me_6.jpg,Testing,Training/meningioma/Tr-me_720.jpg,Training,lật dọc,0.867
Testing/meningioma/Te-aug-me_60.jpg,Testing,Training/meningioma/Tr-me_212.jpg,Training,lật ngang,0.824
Testing/meningioma/Te-aug-me_61.jpg,Testing,Training/meningioma/Tr-me_342.jpg,Training,giữ nguyên,0.883
Testing/meningioma/Te-aug-me_62.jpg,Testing,Training/meningioma/Tr-me_169.jpg,Training,giữ nguyên,0.923
Testing/meningioma/Te-aug-me_63.jpg,Testing,Training/meningioma/Tr-me_1261.jpg,Training,lật ngang,0.911
Testing/meningioma/Te-aug-me_64.jpg,Testing,Training/meningioma/Tr-me_387.jpg,Training,lật dọc,0.797
Testing/meningioma/Te-aug-me_65.jpg,Testing,Training/meningioma/Tr-me_613.jpg,Training,lật dọc,0.779
Testing/meningioma/Te-aug-me_66.jpg,Testing,Training/meningioma/Tr-me_4.jpg,Training,giữ nguyên,0.76
Testing/meningioma/Te-aug-me_67.jpg,Testing,Training/meningioma/Tr-me_854.jpg,Training,xoay 180,0.779
Testing/meningioma/Te-aug-me_68.jpg,Testing,Training/meningioma/Tr-me_944.jpg,Training,xoay 180,0.716
Testing/meningioma/Te-aug-me_69.jpg,Testing,Training/meningioma/Tr-me_1041.jpg,Training,lật dọc,0.779
Testing/meningioma/Te-aug-me_7.jpg,Testing,Training/meningioma/Tr-me_74.jpg,Training,lật dọc,0.812
Testing/meningioma/Te-aug-me_70.jpg,Testing,Training/meningioma/Tr-me_278.jpg,Training,lật dọc,0.911
Testing/meningioma/Te-aug-me_71.jpg,Testing,Training/pituitary/Tr-pi_694.jpg,Training,giữ nguyên,0.735
Testing/meningioma/Te-aug-me_72.jpg,Testing,Training/meningioma/Tr-me_146.jpg,Training,xoay 180,0.853
Testing/meningioma/Te-aug-me_73.jpg,Testing,Training/meningioma/Tr-me_548.jpg,Training,giữ nguyên,0.889
Testing/meningioma/Te-aug-me_74.jpg,Testing,Training/meningioma/Tr-me_548.jpg,Training,giữ nguyên,0.833
Testing/meningioma/Te-aug-me_75.jpg,Testing,Training/glioma/Tr-gl_47.jpg,Training,lật dọc,0.739
Testing/meningioma/Te-aug-me_76.jpg,Testing,Training/meningioma/Tr-me_1053.jpg,Training,lật ngang,0.856
Testing/meningioma/Te-aug-me_77.jpg,Testing,Training/meningioma/Tr-me_1153.jpg,Training,giữ nguyên,0.85
Testing/meningioma/Te-aug-me_78.jpg,Testing,Training/meningioma/Tr-me_817.jpg,Training,xoay 180,0.878
Testing/meningioma/Te-aug-me_79.jpg,Testing,Training/meningioma/Tr-me_117.jpg,Training,lật ngang,0.772
Testing/meningioma/Te-aug-me_8.jpg,Testing,Testing/glioma/Te-gl_208.jpg,Testing,giữ nguyên,0.795
Testing/meningioma/Te-aug-me_80.jpg,Testing,Training/meningioma/Tr-me_1075.jpg,Training,lật ngang,0.718
Testing/meningioma/Te-aug-me_81.jpg,Testing,Training/meningioma/Tr-me_814.jpg,Training,lật dọc,0.902
Testing/meningioma/Te-aug-me_82.jpg,Testing,Training/meningioma/Tr-me_602.jpg,Training,lật ngang,0.738
Testing/meningioma/Te-aug-me_83.jpg,Testing,Training/meningioma/Tr-me_885.jpg,Training,lật ngang,0.942
Testing/meningioma/Te-aug-me_84.jpg,Testing,Training/meningioma/Tr-me_817.jpg,Training,giữ nguyên,0.924
Testing/meningioma/Te-aug-me_85.jpg,Testing,Training/meningioma/Tr-me_1287.jpg,Training,xoay 180,0.857
Testing/meningioma/Te-aug-me_86.jpg,Testing,Training/meningioma/Tr-me_10.jpg,Training,lật ngang,0.933
Testing/meningioma/Te-aug-me_87.jpg,Testing,Testing/meningioma/Te-me_257.jpg,Testing,lật ngang,0.877
Testing/meningioma/Te-aug-me_88.jpg,Testing,Training/meningioma/Tr-me_931.jpg,Training,giữ nguyên,0.787
Testing/meningioma/Te-aug-me_89.jpg,Testing,Testing/glioma/Te-gl_182.jpg,Testing,lật ngang,0.803
Testing/meningioma/Te-aug-me_9.jpg,Testing,Training/meningioma/Tr-me_307.jpg,Training,giữ nguyên,0.591
Testing/meningioma/Te-aug-me_90.jpg,Testing,Training/meningioma/Tr-me_788.jpg,Training,giữ nguyên,0.834
Testing/meningioma/Te-aug-me_91.jpg,Testing,Training/meningioma/Tr-me_1068.jpg,Training,xoay 180,0.969
Testing/meningioma/Te-aug-me_92.jpg,Testing,Training/meningioma/Tr-me_297.jpg,Training,lật dọc,0.895
Testing/meningioma/Te-aug-me_93.jpg,Testing,Training/meningioma/Tr-me_886.jpg,Training,xoay 180,0.688
Testing/meningioma/Te-aug-me_94.jpg,Testing,Training/meningioma/Tr-me_297.jpg,Training,giữ nguyên,0.884
Testing/meningioma/Te-aug-me_95.jpg,Testing,Training/meningioma/Tr-me_419.jpg,Training,xoay 180,0.849
Testing/meningioma/Te-aug-me_96.jpg,Testing,Testing/meningioma/Te-me_84.jpg,Testing,xoay 180,0.787
Testing/meningioma/Te-aug-me_97.jpg,Testing,Training/meningioma/Tr-me_79.jpg,Training,giữ nguyên,0.969
Testing/meningioma/Te-aug-me_98.jpg,Testing,Training/meningioma/Tr-me_1039.jpg,Training,lật dọc,0.956
Testing/meningioma/Te-aug-me_99.jpg,Testing,Training/meningioma/Tr-me_402.jpg,Training,giữ nguyên,0.821
