image_a,image_b,label,split_a,split_b,similarity
valid/OREGON/5.jpg,test/OREGON/1.jpg,OREGON,valid,test,1.0
train/GEORGIA/120.jpg,train/GEORGIA/121.jpg,GEORGIA,train,train,0.9999
train/CALIFORNIA/045.jpg,train/CALIFORNIA/046.jpg,CALIFORNIA,train,train,0.9999
train/RHODE ISLAND/020.jpg,valid/RHODE ISLAND/5.jpg,RHODE ISLAND,train,valid,0.9991
train/WASHINGTON DC/006.jpg,train/WASHINGTON DC/026.jpg,WASHINGTON DC,train,train,0.9989
train/HAWAI/075.jpg,train/HAWAI/089.jpg,HAWAI,train,train,0.9985
train/NEBRASKA/045.jpg,train/NEBRASKA/123.jpg,NEBRASKA,train,train,0.9985
train/WASHINGTON DC/008.jpg,train/WASHINGTON DC/013.jpg,WASHINGTON DC,train,train,0.9984
train/KENTUCKY/045.jpg,train/KENTUCKY/097.jpg,KENTUCKY,train,train,0.9984
train/ALABAMA/009.jpg,train/ALABAMA/110.jpg,ALABAMA,train,train,0.9983
train/KENTUCKY/025.jpg,valid/KENTUCKY/3.jpg,KENTUCKY,train,valid,0.9976
train/NEVADA/042.jpg,train/NEVADA/121.jpg,NEVADA,train,train,0.9976
train/OREGON/096.jpg,test/OREGON/4.jpg,OREGON,train,test,0.9975
train/VERMONT/025.jpg,train/VERMONT/123.jpg,VERMONT,train,train,0.9941
train/AMERICAN SAMOA/023.jpg,train/AMERICAN SAMOA/127.jpg,AMERICAN SAMOA,train,train,0.992
train/WASHINGTON/027.jpg,train/WASHINGTON/103.jpg,WASHINGTON,train,train,0.9917
train/NORTH DAKOTA/015.jpg,train/NORTH DAKOTA/086.jpg,NORTH DAKOTA,train,train,0.9896
train/RHODE ISLAND/059.jpg,test/RHODE ISLAND/5.jpg,RHODE ISLAND,train,test,0.9878
train/MISSOURI/120.jpg,train/MISSOURI/135.jpg,MISSOURI,train,train,0.9839
train/ALABAMA/133.jpg,test/ALABAMA/4.jpg,ALABAMA,train,test,0.9836
train/VERMONT/046.jpg,train/VERMONT/099.jpg,VERMONT,train,train,0.9832
train/IDAHO/015.jpg,train/IDAHO/141.jpg,IDAHO,train,train,0.9795
train/CONNECTICUT/102.jpg,train/CONNECTICUT/103.jpg,CONNECTICUT,train,train,0.9739
train/RHODE ISLAND/026.jpg,train/RHODE ISLAND/034.jpg,RHODE ISLAND,train,train,0.9707
train/NEW HAMPSHIRE/042.jpg,train/NEW HAMPSHIRE/155.jpg,NEW HAMPSHIRE,train,train,0.9686
test/NORTH DAKOTA/2.jpg,test/NORTH DAKOTA/3.jpg,NORTH DAKOTA,test,test,0.9608
train/WISCONSIN/090.jpg,train/WISCONSIN/138.jpg,WISCONSIN,train,train,0.9566
train/AMERICAN SAMOA/002.jpg,train/AMERICAN SAMOA/096.jpg,AMERICAN SAMOA,train,train,0.9539
train/MISSIPPI/050.jpg,train/MISSIPPI/083.jpg,MISSIPPI,train,train,0.9527
train/WISCONSIN/003.jpg,train/WISCONSIN/069.jpg,WISCONSIN,train,train,0.9473
train/KENTUCKY/042.jpg,train/KENTUCKY/100.jpg,KENTUCKY,train,train,0.946
train/WYOMING/104.jpg,train/WYOMING/130.jpg,WYOMING,train,train,0.9424
train/U S VIRGIN ISLANDS/004.jpg,train/U S VIRGIN ISLANDS/017.jpg,U S VIRGIN ISLANDS,train,train,0.9418
train/MISSOURI/039.jpg,train/MISSOURI/041.jpg,MISSOURI,train,train,0.9403
train/OREGON/041.jpg,train/OREGON/081.jpg,OREGON,train,train,0.9401
train/NEW YORK/012.jpg,train/NEW YORK/071.jpg,NEW YORK,train,train,0.9371
train/GUAM/061.jpg,train/GUAM/147.jpg,GUAM,train,train,0.9369
train/HAWAI/026.jpg,train/HAWAI/078.jpg,HAWAI,train,train,0.9318
train/HAWAI/026.jpg,train/HAWAI/113.jpg,HAWAI,train,train,0.9317
train/ALABAMA/108.jpg,train/ALABAMA/134.jpg,ALABAMA,train,train,0.9312
train/WEST VIRGINIA/060.jpg,train/WEST VIRGINIA/069.jpg,WEST VIRGINIA,train,train,0.9304
train/SOUTH DAKOTA/053.jpg,train/SOUTH DAKOTA/102.jpg,SOUTH DAKOTA,train,train,0.9294
train/LOUISIANA/047.jpg,train/LOUISIANA/094.jpg,LOUISIANA,train,train,0.928
train/OKLAHOMA/007.jpg,train/OKLAHOMA/011.jpg,OKLAHOMA,train,train,0.9272
train/IDAHO/030.jpg,train/IDAHO/144.jpg,IDAHO,train,train,0.9265
train/UTAH/043.jpg,train/UTAH/157.jpg,UTAH,train,train,0.9208
train/SOUTH DAKOTA/010.jpg,train/SOUTH DAKOTA/096.jpg,SOUTH DAKOTA,train,train,0.9206
train/AMERICAN SAMOA/090.jpg,train/AMERICAN SAMOA/111.jpg,AMERICAN SAMOA,train,train,0.9202
train/U S VIRGIN ISLANDS/039.jpg,train/U S VIRGIN ISLANDS/126.jpg,U S VIRGIN ISLANDS,train,train,0.9198
train/CONNECTICUT/013.jpg,train/CONNECTICUT/059.jpg,CONNECTICUT,train,train,0.9195
train/HAWAI/032.jpg,train/HAWAI/035.jpg,HAWAI,train,train,0.9193
train/UTAH/043.jpg,train/UTAH/061.jpg,UTAH,train,train,0.9189
train/ARKANSAS/105.jpg,train/ARKANSAS/135.jpg,ARKANSAS,train,train,0.9174
train/OHIO/134.jpg,train/OHIO/136.jpg,OHIO,train,train,0.9172
train/WYOMING/091.jpg,train/WYOMING/149.jpg,WYOMING,train,train,0.917
train/ARKANSAS/101.jpg,train/ARKANSAS/124.jpg,ARKANSAS,train,train,0.9163
train/PUERTO RICO/137.jpg,train/PUERTO RICO/139.jpg,PUERTO RICO,train,train,0.9082
train/HAWAI/052.jpg,train/HAWAI/062.jpg,HAWAI,train,train,0.9071
train/PENNSYLVANIA/049.jpg,train/PENNSYLVANIA/136.jpg,PENNSYLVANIA,train,train,0.9057
train/SOUTH CAROLINA/036.jpg,train/SOUTH CAROLINA/107.jpg,SOUTH CAROLINA,train,train,0.9057
train/GEORGIA/098.jpg,test/GEORGIA/5.jpg,GEORGIA,train,test,0.9048
train/MISSIPPI/028.jpg,train/MISSIPPI/111.jpg,MISSIPPI,train,train,0.9033
train/RHODE ISLAND/016.jpg,train/RHODE ISLAND/089.jpg,RHODE ISLAND,train,train,0.9027
train/WISCONSIN/125.jpg,train/WISCONSIN/130.jpg,WISCONSIN,train,train,0.9016
train/AMERICAN SAMOA/133.jpg,train/AMERICAN SAMOA/136.jpg,AMERICAN SAMOA,train,train,0.9003
train/TENNESSEE/035.jpg,valid/TENNESSEE/2.jpg,TENNESSEE,train,valid,0.8965
train/FLORIDA/034.jpg,train/FLORIDA/111.jpg,FLORIDA,train,train,0.8962
train/MISSOURI/041.jpg,train/MISSOURI/092.jpg,MISSOURI,train,train,0.8937
train/LOUISIANA/046.jpg,train/LOUISIANA/142.jpg,LOUISIANA,train,train,0.8919
train/OHIO/018.jpg,train/OHIO/110.jpg,OHIO,train,train,0.89
train/CONNECTICUT/059.jpg,train/CONNECTICUT/082.jpg,CONNECTICUT,train,train,0.8875
train/NEW HAMPSHIRE/047.jpg,train/NEW HAMPSHIRE/060.jpg,NEW HAMPSHIRE,train,train,0.8871
train/CNMI/38.jpg,valid/CNMI/1.jpg,CNMI,train,valid,0.8867
train/SOUTH DAKOTA/091.jpg,train/SOUTH DAKOTA/094.jpg,SOUTH DAKOTA,train,train,0.886
train/VERMONT/033.jpg,train/VERMONT/052.jpg,VERMONT,train,train,0.8849
train/SOUTH CAROLINA/023.jpg,train/SOUTH CAROLINA/026.jpg,SOUTH CAROLINA,train,train,0.8827
train/NORTH CAROLINA/089.jpg,train/NORTH CAROLINA/121.jpg,NORTH CAROLINA,train,train,0.8812
train/NEBRASKA/028.jpg,valid/NEBRASKA/2.jpg,NEBRASKA,train,valid,0.8806
train/DELAWARE/011.jpg,valid/DELAWARE/3.jpg,DELAWARE,train,valid,0.8801
train/OHIO/063.jpg,train/OHIO/111.jpg,OHIO,train,train,0.8791
train/HAWAI/041.jpg,train/HAWAI/119.jpg,HAWAI,train,train,0.8783
train/ARIZONA/090.jpg,train/ARIZONA/096.jpg,ARIZONA,train,train,0.8743
train/NORTH CAROLINA/142.jpg,test/NORTH CAROLINA/4.jpg,NORTH CAROLINA,train,test,0.8701
train/CALIFORNIA/045.jpg,train/CALIFORNIA/137.jpg,CALIFORNIA,train,train,0.8689
train/CALIFORNIA/046.jpg,train/CALIFORNIA/137.jpg,CALIFORNIA,train,train,0.8684
train/OHIO/017.jpg,train/OHIO/106.jpg,OHIO,train,train,0.8651
train/ARKANSAS/039.jpg,test/ARKANSAS/1.jpg,ARKANSAS,train,test,0.863
train/ILLINOIS/015.jpg,train/ILLINOIS/102.jpg,ILLINOIS,train,train,0.8601
train/WEST VIRGINIA/085.jpg,train/WEST VIRGINIA/089.jpg,WEST VIRGINIA,train,train,0.8588
train/IOWA/036.jpg,valid/IOWA/2.jpg,IOWA,train,valid,0.8587
train/MARYLAND/053.jpg,train/MARYLAND/146.jpg,MARYLAND,train,train,0.8585
train/KANSAS/072.jpg,train/KANSAS/089.jpg,KANSAS,train,train,0.8583
train/NEW HAMPSHIRE/140.jpg,train/NEW HAMPSHIRE/158.jpg,NEW HAMPSHIRE,train,train,0.8566
train/WYOMING/048.jpg,train/WYOMING/073.jpg,WYOMING,train,train,0.8552
train/AMERICAN SAMOA/028.jpg,train/AMERICAN SAMOA/137.jpg,AMERICAN SAMOA,train,train,0.8527
train/CONNECTICUT/013.jpg,train/CONNECTICUT/082.jpg,CONNECTICUT,train,train,0.8498
train/WISCONSIN/006.jpg,train/WISCONSIN/102.jpg,WISCONSIN,train,train,0.8485
train/SOUTH CAROLINA/026.jpg,train/SOUTH CAROLINA/105.jpg,SOUTH CAROLINA,train,train,0.8477
train/U S VIRGIN ISLANDS/100.jpg,train/U S VIRGIN ISLANDS/124.jpg,U S VIRGIN ISLANDS,train,train,0.8472
train/MISSOURI/039.jpg,train/MISSOURI/092.jpg,MISSOURI,train,train,0.8461
train/ALABAMA/124.jpg,train/ALABAMA/147.jpg,ALABAMA,train,train,0.8455
train/PUERTO RICO/002.jpg,train/PUERTO RICO/004.jpg,PUERTO RICO,train,train,0.8452
train/AMERICAN SAMOA/112.jpg,train/AMERICAN SAMOA/116.jpg,AMERICAN SAMOA,train,train,0.845
valid/ILLINOIS/1.jpg,test/ILLINOIS/5.jpg,ILLINOIS,valid,test,0.8436
train/SOUTH CAROLINA/003.jpg,train/SOUTH CAROLINA/036.jpg,SOUTH CAROLINA,train,train,0.8433
train/NORTH CAROLINA/016.jpg,train/NORTH CAROLINA/070.jpg,NORTH CAROLINA,train,train,0.8427
train/SOUTH CAROLINA/003.jpg,train/SOUTH CAROLINA/107.jpg,SOUTH CAROLINA,train,train,0.8413
train/NEBRASKA/029.jpg,train/NEBRASKA/033.jpg,NEBRASKA,train,train,0.8378
train/VERMONT/036.jpg,train/VERMONT/037.jpg,VERMONT,train,train,0.8366
train/UTAH/061.jpg,train/UTAH/157.jpg,UTAH,train,train,0.8366
train/INDIANA/053.jpg,train/INDIANA/115.jpg,INDIANA,train,train,0.8365
train/SOUTH DAKOTA/090.jpg,train/SOUTH DAKOTA/132.jpg,SOUTH DAKOTA,train,train,0.8357
train/AMERICAN SAMOA/018.jpg,train/AMERICAN SAMOA/021.jpg,AMERICAN SAMOA,train,train,0.8354
train/HAWAI/044.jpg,valid/HAWAI/2.jpg,HAWAI,train,valid,0.8346
train/ARIZONA/004.jpg,train/ARIZONA/073.jpg,ARIZONA,train,train,0.8338
train/HAWAI/078.jpg,train/HAWAI/113.jpg,HAWAI,train,train,0.8335
train/HAWAI/044.jpg,train/HAWAI/063.jpg,HAWAI,train,train,0.8324
train/INDIANA/032.jpg,train/INDIANA/080.jpg,INDIANA,train,train,0.8324
train/SOUTH CAROLINA/008.jpg,train/SOUTH CAROLINA/040.jpg,SOUTH CAROLINA,train,train,0.8319
train/U S VIRGIN ISLANDS/002.jpg,train/U S VIRGIN ISLANDS/143.jpg,U S VIRGIN ISLANDS,train,train,0.8316
train/OHIO/122.jpg,train/OHIO/141.jpg,OHIO,train,train,0.8316
train/FLORIDA/138.jpg,test/FLORIDA/1.jpg,FLORIDA,train,test,0.8313
train/ARKANSAS/129.jpg,test/ARKANSAS/4.jpg,ARKANSAS,train,test,0.8307
train/ARKANSAS/044.jpg,train/ARKANSAS/166.jpg,ARKANSAS,train,train,0.8295
train/WYOMING/105.jpg,train/WYOMING/133.jpg,WYOMING,train,train,0.8271
train/NEVADA/103.jpg,train/NEVADA/104.jpg,NEVADA,train,train,0.8264
train/WYOMING/010.jpg,train/WYOMING/130.jpg,WYOMING,train,train,0.8263
train/NEBRASKA/004.jpg,train/NEBRASKA/035.jpg,NEBRASKA,train,train,0.8262
train/ILLINOIS/034.jpg,train/ILLINOIS/038.jpg,ILLINOIS,train,train,0.824
train/ILLINOIS/006.jpg,train/ILLINOIS/069.jpg,ILLINOIS,train,train,0.8221
train/ILLINOIS/038.jpg,train/ILLINOIS/040.jpg,ILLINOIS,train,train,0.822
train/INDIANA/032.jpg,train/INDIANA/067.jpg,INDIANA,train,train,0.8217
train/HAWAI/063.jpg,valid/HAWAI/2.jpg,HAWAI,train,valid,0.8208
train/NEW YORK/076.jpg,train/NEW YORK/138.jpg,NEW YORK,train,train,0.8205
train/NORTH DAKOTA/080.jpg,train/NORTH DAKOTA/081.jpg,NORTH DAKOTA,train,train,0.8203
train/WYOMING/023.jpg,train/WYOMING/116.jpg,WYOMING,train,train,0.8193
train/ARKANSAS/021.jpg,train/ARKANSAS/025.jpg,ARKANSAS,train,train,0.8192
train/MONTANA/036.jpg,train/MONTANA/038.jpg,MONTANA,train,train,0.8178
train/CNMI/08.jpg,test/CNMI/3.jpg,CNMI,train,test,0.8177
train/U S VIRGIN ISLANDS/033.jpg,train/U S VIRGIN ISLANDS/125.jpg,U S VIRGIN ISLANDS,train,train,0.8168
train/NEW YORK/014.jpg,train/NEW YORK/101.jpg,NEW YORK,train,train,0.8166
train/CALIFORNIA/116.jpg,train/CALIFORNIA/138.jpg,CALIFORNIA,train,train,0.8161
train/HAWAI/031.jpg,train/HAWAI/085.jpg,HAWAI,train,train,0.8142
train/COLORADO/112.jpg,train/COLORADO/115.jpg,COLORADO,train,train,0.8141
train/SOUTH CAROLINA/083.jpg,valid/SOUTH CAROLINA/2.jpg,SOUTH CAROLINA,train,valid,0.8135
train/WYOMING/035.jpg,train/WYOMING/065.jpg,WYOMING,train,train,0.8134
train/AMERICAN SAMOA/038.jpg,test/AMERICAN SAMOA/4.jpg,AMERICAN SAMOA,train,test,0.8125
train/IDAHO/014.jpg,test/IDAHO/4.jpg,IDAHO,train,test,0.8107
train/IDAHO/011.jpg,test/IDAHO/3.jpg,IDAHO,train,test,0.81
train/U S VIRGIN ISLANDS/014.jpg,train/U S VIRGIN ISLANDS/112.jpg,U S VIRGIN ISLANDS,train,train,0.8094
train/ALABAMA/089.jpg,train/ALABAMA/136.jpg,ALABAMA,train,train,0.8076
train/NEBRASKA/003.jpg,train/NEBRASKA/037.jpg,NEBRASKA,train,train,0.806
train/NEW MEXICO/023.jpg,train/NEW MEXICO/073.jpg,NEW MEXICO,train,train,0.8059
train/WYOMING/010.jpg,train/WYOMING/104.jpg,WYOMING,train,train,0.8058
train/INDIANA/067.jpg,train/INDIANA/080.jpg,INDIANA,train,train,0.8038
train/INDIANA/075.jpg,train/INDIANA/099.jpg,INDIANA,train,train,0.8031
train/WYOMING/079.jpg,train/WYOMING/105.jpg,WYOMING,train,train,0.803
train/MARYLAND/015.jpg,train/MARYLAND/018.jpg,MARYLAND,train,train,0.8019
train/MAINE/083.jpg,train/MAINE/134.jpg,MAINE,train,train,0.7995
train/SOUTH CAROLINA/018.jpg,valid/SOUTH CAROLINA/5.jpg,SOUTH CAROLINA,train,valid,0.7994
train/WASHINGTON DC/101.jpg,train/WASHINGTON DC/126.jpg,WASHINGTON DC,train,train,0.7991
train/NORTH DAKOTA/131.jpg,valid/NORTH DAKOTA/4.jpg,NORTH DAKOTA,train,valid,0.799
train/NORTH CAROLINA/002.jpg,valid/NORTH CAROLINA/4.jpg,NORTH CAROLINA,train,valid,0.7986
train/ALASKA/096.jpg,train/ALASKA/101.jpg,ALASKA,train,train,0.7985
train/ALASKA/094.jpg,train/ALASKA/111.jpg,ALASKA,train,train,0.798
train/TEXAS/041.jpg,train/TEXAS/065.jpg,TEXAS,train,train,0.7969
train/NEW HAMPSHIRE/042.jpg,test/NEW HAMPSHIRE/1.jpg,NEW HAMPSHIRE,train,test,0.7953
train/MARYLAND/130.jpg,train/MARYLAND/145.jpg,MARYLAND,train,train,0.7948
train/PUERTO RICO/054.jpg,train/PUERTO RICO/064.jpg,PUERTO RICO,train,train,0.7937
train/RHODE ISLAND/009.jpg,train/RHODE ISLAND/090.jpg,RHODE ISLAND,train,train,0.7924
train/MISSOURI/009.jpg,train/MISSOURI/118.jpg,MISSOURI,train,train,0.7921
train/ARKANSAS/093.jpg,train/ARKANSAS/139.jpg,ARKANSAS,train,train,0.7921
train/WYOMING/028.jpg,train/WYOMING/147.jpg,WYOMING,train,train,0.7906
train/SOUTH CAROLINA/023.jpg,train/SOUTH CAROLINA/105.jpg,SOUTH CAROLINA,train,train,0.7889
train/ALABAMA/092.jpg,train/ALABAMA/124.jpg,ALABAMA,train,train,0.7884
train/ALASKA/101.jpg,train/ALASKA/118.jpg,ALASKA,train,train,0.788
train/MISSIPPI/012.jpg,train/MISSIPPI/122.jpg,MISSIPPI,train,train,0.7865
train/NORTH CAROLINA/091.jpg,test/NORTH CAROLINA/5.jpg,NORTH CAROLINA,train,test,0.7865
train/WYOMING/145.jpg,train/WYOMING/147.jpg,WYOMING,train,train,0.7864
train/WYOMING/035.jpg,train/WYOMING/070.jpg,WYOMING,train,train,0.7861
train/WASHINGTON DC/141.jpg,train/WASHINGTON DC/143.jpg,WASHINGTON DC,train,train,0.7842
train/OKLAHOMA/046.jpg,train/OKLAHOMA/047.jpg,OKLAHOMA,train,train,0.784
train/WYOMING/082.jpg,train/WYOMING/146.jpg,WYOMING,train,train,0.7834
train/SOUTH DAKOTA/105.jpg,train/SOUTH DAKOTA/132.jpg,SOUTH DAKOTA,train,train,0.7833
train/WASHINGTON/051.jpg,valid/WASHINGTON/2.jpg,WASHINGTON,train,valid,0.7831
train/NEBRASKA/033.jpg,valid/NEBRASKA/5.jpg,NEBRASKA,train,valid,0.7827
train/CALIFORNIA/136.jpg,train/CALIFORNIA/138.jpg,CALIFORNIA,train,train,0.7826
train/OKLAHOMA/020.jpg,train/OKLAHOMA/052.jpg,OKLAHOMA,train,train,0.782
train/MARYLAND/022.jpg,train/MARYLAND/053.jpg,MARYLAND,train,train,0.7811
train/NORTH CAROLINA/021.jpg,train/NORTH CAROLINA/140.jpg,NORTH CAROLINA,train,train,0.78
train/AMERICAN SAMOA/115.jpg,train/AMERICAN SAMOA/116.jpg,AMERICAN SAMOA,train,train,0.7798
train/CALIFORNIA/036.jpg,train/CALIFORNIA/054.jpg,CALIFORNIA,train,train,0.7797
train/U S VIRGIN ISLANDS/016.jpg,train/U S VIRGIN ISLANDS/042.jpg,U S VIRGIN ISLANDS,train,train,0.7796
train/WYOMING/080.jpg,train/WYOMING/081.jpg,WYOMING,train,train,0.7795
train/IOWA/008.jpg,train/IOWA/039.jpg,IOWA,train,train,0.7795
train/WYOMING/102.jpg,train/WYOMING/105.jpg,WYOMING,train,train,0.7793
train/OKLAHOMA/089.jpg,valid/OKLAHOMA/4.jpg,OKLAHOMA,train,valid,0.7782
train/WYOMING/001.jpg,train/WYOMING/007.jpg,WYOMING,train,train,0.7766
train/VERMONT/033.jpg,train/VERMONT/037.jpg,VERMONT,train,train,0.7764
train/NEW YORK/058.jpg,valid/NEW YORK/5.jpg,NEW YORK,train,valid,0.7762
train/WYOMING/006.jpg,train/WYOMING/105.jpg,WYOMING,train,train,0.776
train/WYOMING/028.jpg,train/WYOMING/036.jpg,WYOMING,train,train,0.7744
train/WYOMING/079.jpg,train/WYOMING/145.jpg,WYOMING,train,train,0.7739
train/MISSOURI/117.jpg,train/MISSOURI/133.jpg,MISSOURI,train,train,0.7734
train/NEW HAMPSHIRE/017.jpg,train/NEW HAMPSHIRE/151.jpg,NEW HAMPSHIRE,train,train,0.7729
train/HAWAI/140.jpg,train/HAWAI/141.jpg,HAWAI,train,train,0.7712
train/MARYLAND/121.jpg,train/MARYLAND/130.jpg,MARYLAND,train,train,0.7705
train/MARYLAND/012.jpg,train/MARYLAND/131.jpg,MARYLAND,train,train,0.7703
train/SOUTH DAKOTA/081.jpg,train/SOUTH DAKOTA/105.jpg,SOUTH DAKOTA,train,train,0.7701
train/MISSOURI/043.jpg,train/MISSOURI/118.jpg,MISSOURI,train,train,0.7699
train/COLORADO/018.jpg,train/COLORADO/057.jpg,COLORADO,train,train,0.7697
train/VERMONT/037.jpg,train/VERMONT/052.jpg,VERMONT,train,train,0.7695
train/U S VIRGIN ISLANDS/099.jpg,train/U S VIRGIN ISLANDS/133.jpg,U S VIRGIN ISLANDS,train,train,0.7672
train/LOUISIANA/012.jpg,train/LOUISIANA/101.jpg,LOUISIANA,train,train,0.7659
valid/SOUTH CAROLINA/1.jpg,valid/SOUTH CAROLINA/3.jpg,SOUTH CAROLINA,valid,valid,0.7657
train/CNMI/23.jpg,valid/CNMI/2.jpg,CNMI,train,valid,0.7655
train/ARKANSAS/054.jpg,train/ARKANSAS/069.jpg,ARKANSAS,train,train,0.7642
train/MARYLAND/131.jpg,train/MARYLAND/143.jpg,MARYLAND,train,train,0.7636
train/VERMONT/022.jpg,train/VERMONT/028.jpg,VERMONT,train,train,0.7634
train/WYOMING/105.jpg,train/WYOMING/147.jpg,WYOMING,train,train,0.763
train/WYOMING/014.jpg,test/WYOMING/5.jpg,WYOMING,train,test,0.7629
train/WYOMING/004.jpg,train/WYOMING/014.jpg,WYOMING,train,train,0.7619
train/WYOMING/143.jpg,train/WYOMING/144.jpg,WYOMING,train,train,0.7617
train/ILLINOIS/034.jpg,train/ILLINOIS/040.jpg,ILLINOIS,train,train,0.7614
train/U S VIRGIN ISLANDS/041.jpg,train/U S VIRGIN ISLANDS/123.jpg,U S VIRGIN ISLANDS,train,train,0.7612
train/SOUTH DAKOTA/081.jpg,train/SOUTH DAKOTA/111.jpg,SOUTH DAKOTA,train,train,0.7612
train/WYOMING/080.jpg,train/WYOMING/144.jpg,WYOMING,train,train,0.7605
train/IOWA/003.jpg,train/IOWA/107.jpg,IOWA,train,train,0.7603
train/NEBRASKA/050.jpg,test/NEBRASKA/1.jpg,NEBRASKA,train,test,0.7601
train/OKLAHOMA/095.jpg,train/OKLAHOMA/106.jpg,OKLAHOMA,train,train,0.7596
train/GUAM/055.jpg,train/GUAM/158.jpg,GUAM,train,train,0.7592
train/WEST VIRGINIA/077.jpg,train/WEST VIRGINIA/101.jpg,WEST VIRGINIA,train,train,0.7591
train/KENTUCKY/086.jpg,train/KENTUCKY/088.jpg,KENTUCKY,train,train,0.759
train/TEXAS/025.jpg,train/TEXAS/118.jpg,TEXAS,train,train,0.7588
train/NEBRASKA/084.jpg,valid/NEBRASKA/4.jpg,NEBRASKA,train,valid,0.7573
train/WYOMING/072.jpg,train/WYOMING/128.jpg,WYOMING,train,train,0.7573
train/CALIFORNIA/065.jpg,train/CALIFORNIA/066.jpg,CALIFORNIA,train,train,0.7571
train/OKLAHOMA/034.jpg,train/OKLAHOMA/089.jpg,OKLAHOMA,train,train,0.757
train/WYOMING/036.jpg,train/WYOMING/079.jpg,WYOMING,train,train,0.7569
train/NEW HAMPSHIRE/155.jpg,test/NEW HAMPSHIRE/1.jpg,NEW HAMPSHIRE,train,test,0.7566
train/NEBRASKA/029.jpg,valid/NEBRASKA/5.jpg,NEBRASKA,train,valid,0.7565
train/WASHINGTON/064.jpg,train/WASHINGTON/066.jpg,WASHINGTON,train,train,0.756
train/MARYLAND/121.jpg,train/MARYLAND/145.jpg,MARYLAND,train,train,0.7558
train/IOWA/068.jpg,train/IOWA/071.jpg,IOWA,train,train,0.7556
train/VERMONT/036.jpg,train/VERMONT/052.jpg,VERMONT,train,train,0.755
train/MONTANA/037.jpg,train/MONTANA/038.jpg,MONTANA,train,train,0.7546
train/WYOMING/026.jpg,train/WYOMING/028.jpg,WYOMING,train,train,0.7542
train/TEXAS/099.jpg,train/TEXAS/116.jpg,TEXAS,train,train,0.7539
train/WYOMING/102.jpg,train/WYOMING/147.jpg,WYOMING,train,train,0.7538
train/WYOMING/070.jpg,train/WYOMING/094.jpg,WYOMING,train,train,0.7538
train/AMERICAN SAMOA/112.jpg,train/AMERICAN SAMOA/115.jpg,AMERICAN SAMOA,train,train,0.7531
train/LOUISIANA/110.jpg,train/LOUISIANA/137.jpg,LOUISIANA,train,train,0.7531
train/NORTH CAROLINA/082.jpg,train/NORTH CAROLINA/083.jpg,NORTH CAROLINA,train,train,0.7522
train/NEBRASKA/036.jpg,train/NEBRASKA/070.jpg,NEBRASKA,train,train,0.7522
train/OREGON/082.jpg,train/OREGON/102.jpg,OREGON,train,train,0.7519
train/IOWA/084.jpg,train/IOWA/102.jpg,IOWA,train,train,0.7513
train/MISSOURI/038.jpg,train/MISSOURI/092.jpg,MISSOURI,train,train,0.7512
train/NEW HAMPSHIRE/013.jpg,train/NEW HAMPSHIRE/101.jpg,NEW HAMPSHIRE,train,train,0.7511
train/GUAM/107.jpg,train/GUAM/108.jpg,GUAM,train,train,0.7504
train/GUAM/056.jpg,train/GUAM/058.jpg,GUAM,train,train,0.75
train/WYOMING/001.jpg,train/WYOMING/028.jpg,WYOMING,train,train,0.7492
train/KANSAS/065.jpg,train/KANSAS/137.jpg,KANSAS,train,train,0.749
train/MISSOURI/038.jpg,train/MISSOURI/041.jpg,MISSOURI,train,train,0.7487
train/NEBRASKA/029.jpg,train/NEBRASKA/036.jpg,NEBRASKA,train,train,0.7484
train/ARKANSAS/010.jpg,train/ARKANSAS/038.jpg,ARKANSAS,train,train,0.7483
train/TENNESSEE/047.jpg,train/TENNESSEE/127.jpg,TENNESSEE,train,train,0.7481
train/WISCONSIN/032.jpg,train/WISCONSIN/139.jpg,WISCONSIN,train,train,0.748
train/WYOMING/079.jpg,train/WYOMING/133.jpg,WYOMING,train,train,0.7479
train/GEORGIA/020.jpg,train/GEORGIA/068.jpg,GEORGIA,train,train,0.7467
train/WYOMING/002.jpg,valid/WYOMING/4.jpg,WYOMING,train,valid,0.7466
train/U S VIRGIN ISLANDS/004.jpg,train/U S VIRGIN ISLANDS/022.jpg,U S VIRGIN ISLANDS,train,train,0.7462
train/WYOMING/050.jpg,train/WYOMING/140.jpg,WYOMING,train,train,0.7457
train/MARYLAND/141.jpg,train/MARYLAND/165.jpg,MARYLAND,train,train,0.7452
train/VERMONT/033.jpg,train/VERMONT/036.jpg,VERMONT,train,train,0.7452
train/WEST VIRGINIA/022.jpg,train/WEST VIRGINIA/085.jpg,WEST VIRGINIA,train,train,0.7447
train/OKLAHOMA/098.jpg,train/OKLAHOMA/106.jpg,OKLAHOMA,train,train,0.7444
train/DELAWARE/007.jpg,train/DELAWARE/050.jpg,DELAWARE,train,train,0.7442
train/OKLAHOMA/042.jpg,train/OKLAHOMA/128.jpg,OKLAHOMA,train,train,0.7441
train/WEST VIRGINIA/022.jpg,train/WEST VIRGINIA/035.jpg,WEST VIRGINIA,train,train,0.744
train/ALABAMA/092.jpg,train/ALABAMA/147.jpg,ALABAMA,train,train,0.7438
train/MISSIPPI/019.jpg,valid/MISSIPPI/4.jpg,MISSIPPI,train,valid,0.7432
train/WEST VIRGINIA/005.jpg,train/WEST VIRGINIA/111.jpg,WEST VIRGINIA,train,train,0.7431
train/ARKANSAS/033.jpg,train/ARKANSAS/088.jpg,ARKANSAS,train,train,0.743
train/KENTUCKY/019.jpg,train/KENTUCKY/124.jpg,KENTUCKY,train,train,0.7416
train/OKLAHOMA/046.jpg,train/OKLAHOMA/058.jpg,OKLAHOMA,train,train,0.741
train/SOUTH DAKOTA/020.jpg,train/SOUTH DAKOTA/111.jpg,SOUTH DAKOTA,train,train,0.7409
train/WYOMING/084.jpg,train/WYOMING/146.jpg,WYOMING,train,train,0.7408
train/OKLAHOMA/098.jpg,test/OKLAHOMA/4.jpg,OKLAHOMA,train,test,0.7408
train/TEXAS/046.jpg,train/TEXAS/056.jpg,TEXAS,train,train,0.7403
train/MARYLAND/022.jpg,train/MARYLAND/146.jpg,MARYLAND,train,train,0.7402
train/WYOMING/006.jpg,train/WYOMING/133.jpg,WYOMING,train,train,0.7401
train/OKLAHOMA/046.jpg,train/OKLAHOMA/098.jpg,OKLAHOMA,train,train,0.7394
train/OKLAHOMA/017.jpg,train/OKLAHOMA/047.jpg,OKLAHOMA,train,train,0.7393
train/OKLAHOMA/047.jpg,train/OKLAHOMA/106.jpg,OKLAHOMA,train,train,0.739
train/MARYLAND/012.jpg,train/MARYLAND/121.jpg,MARYLAND,train,train,0.7385
train/WYOMING/011.jpg,train/WYOMING/026.jpg,WYOMING,train,train,0.7382
train/WEST VIRGINIA/089.jpg,train/WEST VIRGINIA/091.jpg,WEST VIRGINIA,train,train,0.7375
train/WYOMING/035.jpg,train/WYOMING/104.jpg,WYOMING,train,train,0.7368
train/OKLAHOMA/005.jpg,train/OKLAHOMA/076.jpg,OKLAHOMA,train,train,0.7365
train/WYOMING/001.jpg,train/WYOMING/133.jpg,WYOMING,train,train,0.7362
train/TENNESSEE/013.jpg,train/TENNESSEE/113.jpg,TENNESSEE,train,train,0.736
train/MARYLAND/121.jpg,train/MARYLAND/131.jpg,MARYLAND,train,train,0.7353
train/WYOMING/065.jpg,train/WYOMING/070.jpg,WYOMING,train,train,0.7344
train/OKLAHOMA/043.jpg,train/OKLAHOMA/045.jpg,OKLAHOMA,train,train,0.7343
train/OKLAHOMA/042.jpg,train/OKLAHOMA/058.jpg,OKLAHOMA,train,train,0.7341
train/MARYLAND/045.jpg,train/MARYLAND/164.jpg,MARYLAND,train,train,0.734
train/WYOMING/036.jpg,train/WYOMING/147.jpg,WYOMING,train,train,0.734
train/MARYLAND/029.jpg,train/MARYLAND/030.jpg,MARYLAND,train,train,0.7333
train/KENTUCKY/002.jpg,train/KENTUCKY/026.jpg,KENTUCKY,train,train,0.7327
train/WYOMING/036.jpg,train/WYOMING/133.jpg,WYOMING,train,train,0.7326
train/GUAM/091.jpg,train/GUAM/149.jpg,GUAM,train,train,0.7325
train/LOUISIANA/062.jpg,train/LOUISIANA/118.jpg,LOUISIANA,train,train,0.732
train/WYOMING/001.jpg,train/WYOMING/102.jpg,WYOMING,train,train,0.7319
train/MARYLAND/056.jpg,train/MARYLAND/143.jpg,MARYLAND,train,train,0.7314
train/WYOMING/035.jpg,train/WYOMING/094.jpg,WYOMING,train,train,0.731
train/IDAHO/053.jpg,train/IDAHO/094.jpg,IDAHO,train,train,0.731
train/MISSIPPI/043.jpg,train/MISSIPPI/044.jpg,MISSIPPI,train,train,0.7307
train/NEBRASKA/027.jpg,train/NEBRASKA/050.jpg,NEBRASKA,train,train,0.7307
train/IDAHO/101.jpg,train/IDAHO/127.jpg,IDAHO,train,train,0.7307
train/WYOMING/065.jpg,test/WYOMING/1.jpg,WYOMING,train,test,0.7305
train/NEW HAMPSHIRE/112.jpg,train/NEW HAMPSHIRE/138.jpg,NEW HAMPSHIRE,train,train,0.73
train/NEBRASKA/036.jpg,train/NEBRASKA/068.jpg,NEBRASKA,train,train,0.7294
train/COLORADO/034.jpg,valid/COLORADO/2.jpg,COLORADO,train,valid,0.729
train/WYOMING/081.jpg,train/WYOMING/150.jpg,WYOMING,train,train,0.7287
train/WYOMING/001.jpg,train/WYOMING/145.jpg,WYOMING,train,train,0.7285
train/UTAH/013.jpg,train/UTAH/080.jpg,UTAH,train,train,0.7284
train/WEST VIRGINIA/097.jpg,train/WEST VIRGINIA/138.jpg,WEST VIRGINIA,train,train,0.7284
train/WISCONSIN/021.jpg,train/WISCONSIN/067.jpg,WISCONSIN,train,train,0.7283
train/MINNESOTA/024.jpg,train/MINNESOTA/116.jpg,MINNESOTA,train,train,0.7282
train/INDIANA/081.jpg,train/INDIANA/090.jpg,INDIANA,train,train,0.7279
train/MISSIPPI/012.jpg,train/MISSIPPI/015.jpg,MISSIPPI,train,train,0.7279
train/SOUTH DAKOTA/081.jpg,train/SOUTH DAKOTA/132.jpg,SOUTH DAKOTA,train,train,0.7279
train/WYOMING/007.jpg,train/WYOMING/105.jpg,WYOMING,train,train,0.7277
train/NORTH DAKOTA/079.jpg,train/NORTH DAKOTA/129.jpg,NORTH DAKOTA,train,train,0.7276
train/ALASKA/030.jpg,train/ALASKA/143.jpg,ALASKA,train,train,0.7274
train/WYOMING/036.jpg,train/WYOMING/105.jpg,WYOMING,train,train,0.7269
train/GUAM/039.jpg,train/GUAM/062.jpg,GUAM,train,train,0.7267
train/TENNESSEE/035.jpg,train/TENNESSEE/045.jpg,TENNESSEE,train,train,0.7265
train/NEW YORK/056.jpg,train/NEW YORK/075.jpg,NEW YORK,train,train,0.7265
train/NEVADA/065.jpg,train/NEVADA/137.jpg,NEVADA,train,train,0.7265
train/IDAHO/003.jpg,train/IDAHO/062.jpg,IDAHO,train,train,0.7264
train/IOWA/016.jpg,valid/IOWA/5.jpg,IOWA,train,valid,0.7262
train/PUERTO RICO/005.jpg,train/PUERTO RICO/071.jpg,PUERTO RICO,train,train,0.726
train/MARYLAND/054.jpg,train/MARYLAND/130.jpg,MARYLAND,train,train,0.7257
train/MARYLAND/046.jpg,train/MARYLAND/146.jpg,MARYLAND,train,train,0.7257
train/WYOMING/007.jpg,train/WYOMING/079.jpg,WYOMING,train,train,0.7251
train/ALABAMA/025.jpg,train/ALABAMA/032.jpg,ALABAMA,train,train,0.7247
train/ALABAMA/074.jpg,train/ALABAMA/115.jpg,ALABAMA,train,train,0.7247
train/CALIFORNIA/116.jpg,train/CALIFORNIA/136.jpg,CALIFORNIA,train,train,0.7245
train/WYOMING/094.jpg,test/WYOMING/1.jpg,WYOMING,train,test,0.7245
train/MARYLAND/053.jpg,train/MARYLAND/145.jpg,MARYLAND,train,train,0.7243
train/WYOMING/005.jpg,test/WYOMING/3.jpg,WYOMING,train,test,0.7241
train/GUAM/110.jpg,train/GUAM/128.jpg,GUAM,train,train,0.7241
train/WEST VIRGINIA/085.jpg,train/WEST VIRGINIA/091.jpg,WEST VIRGINIA,train,train,0.7241
train/MISSOURI/077.jpg,train/MISSOURI/082.jpg,MISSOURI,train,train,0.724
train/WYOMING/005.jpg,train/WYOMING/076.jpg,WYOMING,train,train,0.7234
train/NORTH DAKOTA/069.jpg,train/NORTH DAKOTA/085.jpg,NORTH DAKOTA,train,train,0.7234
train/OKLAHOMA/046.jpg,test/OKLAHOMA/4.jpg,OKLAHOMA,train,test,0.723
train/U S VIRGIN ISLANDS/016.jpg,train/U S VIRGIN ISLANDS/093.jpg,U S VIRGIN ISLANDS,train,train,0.7227
train/WYOMING/026.jpg,train/WYOMING/145.jpg,WYOMING,train,train,0.7226
train/WYOMING/001.jpg,train/WYOMING/105.jpg,WYOMING,train,train,0.7223
train/WYOMING/143.jpg,train/WYOMING/150.jpg,WYOMING,train,train,0.7222
train/NEBRASKA/050.jpg,train/NEBRASKA/053.jpg,NEBRASKA,train,train,0.7222
train/WEST VIRGINIA/027.jpg,train/WEST VIRGINIA/085.jpg,WEST VIRGINIA,train,train,0.7219
train/DELAWARE/047.jpg,train/DELAWARE/071.jpg,DELAWARE,train,train,0.7214
train/IDAHO/063.jpg,train/IDAHO/127.jpg,IDAHO,train,train,0.7213
train/WASHINGTON/017.jpg,train/WASHINGTON/068.jpg,WASHINGTON,train,train,0.7212
train/CNMI/70.jpg,test/CNMI/5.jpg,CNMI,train,test,0.721
train/WYOMING/102.jpg,train/WYOMING/137.jpg,WYOMING,train,train,0.7207
train/CONNECTICUT/003.jpg,train/CONNECTICUT/135.jpg,CONNECTICUT,train,train,0.7206
train/ALASKA/008.jpg,train/ALASKA/117.jpg,ALASKA,train,train,0.7204
train/IOWA/039.jpg,valid/IOWA/4.jpg,IOWA,train,valid,0.7195
train/WEST VIRGINIA/091.jpg,train/WEST VIRGINIA/097.jpg,WEST VIRGINIA,train,train,0.7192
train/WYOMING/035.jpg,test/WYOMING/1.jpg,WYOMING,train,test,0.7192
train/WYOMING/080.jpg,train/WYOMING/143.jpg,WYOMING,train,train,0.7189
train/OKLAHOMA/046.jpg,train/OKLAHOMA/106.jpg,OKLAHOMA,train,train,0.7189
train/MARYLAND/022.jpg,train/MARYLAND/023.jpg,MARYLAND,train,train,0.7188
train/ARKANSAS/029.jpg,train/ARKANSAS/046.jpg,ARKANSAS,train,train,0.7186
train/ALASKA/030.jpg,train/ALASKA/059.jpg,ALASKA,train,train,0.7182
train/MINNESOTA/016.jpg,train/MINNESOTA/107.jpg,MINNESOTA,train,train,0.7181
train/OKLAHOMA/089.jpg,train/OKLAHOMA/098.jpg,OKLAHOMA,train,train,0.7181
train/MISSIPPI/129.jpg,train/MISSIPPI/136.jpg,MISSIPPI,train,train,0.7177
train/WASHINGTON/026.jpg,train/WASHINGTON/035.jpg,WASHINGTON,train,train,0.7176
train/MINNESOTA/002.jpg,train/MINNESOTA/008.jpg,MINNESOTA,train,train,0.7175
train/OKLAHOMA/034.jpg,train/OKLAHOMA/106.jpg,OKLAHOMA,train,train,0.7173
train/PENNSYLVANIA/032.jpg,train/PENNSYLVANIA/068.jpg,PENNSYLVANIA,train,train,0.7171
train/ARKANSAS/002.jpg,train/ARKANSAS/046.jpg,ARKANSAS,train,train,0.7171
train/NEW MEXICO/014.jpg,train/NEW MEXICO/052.jpg,NEW MEXICO,train,train,0.7169
train/HAWAI/033.jpg,train/HAWAI/067.jpg,HAWAI,train,train,0.7168
train/ARKANSAS/063.jpg,train/ARKANSAS/111.jpg,ARKANSAS,train,train,0.7166
train/VIRGINIA/023.jpg,train/VIRGINIA/054.jpg,VIRGINIA,train,train,0.7161
train/WEST VIRGINIA/025.jpg,train/WEST VIRGINIA/033.jpg,WEST VIRGINIA,train,train,0.7159
train/NEW HAMPSHIRE/024.jpg,train/NEW HAMPSHIRE/136.jpg,NEW HAMPSHIRE,train,train,0.7156
train/WYOMING/065.jpg,train/WYOMING/094.jpg,WYOMING,train,train,0.7152
train/NEW MEXICO/008.jpg,train/NEW MEXICO/101.jpg,NEW MEXICO,train,train,0.7151
train/WEST VIRGINIA/084.jpg,train/WEST VIRGINIA/089.jpg,WEST VIRGINIA,train,train,0.7149
train/PENNSYLVANIA/063.jpg,train/PENNSYLVANIA/086.jpg,PENNSYLVANIA,train,train,0.7149
train/LOUISIANA/055.jpg,train/LOUISIANA/093.jpg,LOUISIANA,train,train,0.7148
train/NEW JERSEY/043.jpg,train/NEW JERSEY/116.jpg,NEW JERSEY,train,train,0.7147
train/NEBRASKA/029.jpg,train/NEBRASKA/068.jpg,NEBRASKA,train,train,0.7147
train/U S VIRGIN ISLANDS/042.jpg,train/U S VIRGIN ISLANDS/093.jpg,U S VIRGIN ISLANDS,train,train,0.7144
train/NEW YORK/038.jpg,train/NEW YORK/048.jpg,NEW YORK,train,train,0.7144
train/SOUTH CAROLINA/022.jpg,train/SOUTH CAROLINA/098.jpg,SOUTH CAROLINA,train,train,0.7144
train/OKLAHOMA/019.jpg,train/OKLAHOMA/042.jpg,OKLAHOMA,train,train,0.7138
train/VERMONT/034.jpg,train/VERMONT/038.jpg,VERMONT,train,train,0.7133
train/ILLINOIS/069.jpg,train/ILLINOIS/125.jpg,ILLINOIS,train,train,0.7133
train/OKLAHOMA/046.jpg,train/OKLAHOMA/095.jpg,OKLAHOMA,train,train,0.7131
train/WYOMING/007.jpg,train/WYOMING/147.jpg,WYOMING,train,train,0.7131
train/KENTUCKY/023.jpg,train/KENTUCKY/128.jpg,KENTUCKY,train,train,0.7129
train/LOUISIANA/037.jpg,train/LOUISIANA/142.jpg,LOUISIANA,train,train,0.7125
train/WEST VIRGINIA/089.jpg,train/WEST VIRGINIA/097.jpg,WEST VIRGINIA,train,train,0.712
train/GUAM/002.jpg,train/GUAM/021.jpg,GUAM,train,train,0.712
train/VERMONT/052.jpg,train/VERMONT/063.jpg,VERMONT,train,train,0.712
train/WYOMING/014.jpg,valid/WYOMING/1.jpg,WYOMING,train,valid,0.7119
train/WEST VIRGINIA/085.jpg,train/WEST VIRGINIA/138.jpg,WEST VIRGINIA,train,train,0.7118
train/ARKANSAS/075.jpg,train/ARKANSAS/101.jpg,ARKANSAS,train,train,0.7118
train/NORTH CAROLINA/082.jpg,train/NORTH CAROLINA/106.jpg,NORTH CAROLINA,train,train,0.7114
train/IDAHO/005.jpg,train/IDAHO/101.jpg,IDAHO,train,train,0.7114
train/NEW HAMPSHIRE/115.jpg,train/NEW HAMPSHIRE/133.jpg,NEW HAMPSHIRE,train,train,0.711
train/HAWAI/058.jpg,train/HAWAI/121.jpg,HAWAI,train,train,0.7109
train/MARYLAND/015.jpg,train/MARYLAND/164.jpg,MARYLAND,train,train,0.7107
train/VERMONT/097.jpg,train/VERMONT/115.jpg,VERMONT,train,train,0.7105
train/MONTANA/022.jpg,train/MONTANA/095.jpg,MONTANA,train,train,0.7105
train/WYOMING/007.jpg,train/WYOMING/028.jpg,WYOMING,train,train,0.7102
train/SOUTH DAKOTA/034.jpg,train/SOUTH DAKOTA/087.jpg,SOUTH DAKOTA,train,train,0.7101
train/WYOMING/105.jpg,train/WYOMING/145.jpg,WYOMING,train,train,0.71
train/NEW HAMPSHIRE/112.jpg,test/NEW HAMPSHIRE/3.jpg,NEW HAMPSHIRE,train,test,0.7099
train/NEVADA/064.jpg,train/NEVADA/122.jpg,NEVADA,train,train,0.7097
train/MINNESOTA/062.jpg,train/MINNESOTA/066.jpg,MINNESOTA,train,train,0.7095
train/WYOMING/043.jpg,train/WYOMING/151.jpg,WYOMING,train,train,0.7093
train/WYOMING/081.jpg,train/WYOMING/144.jpg,WYOMING,train,train,0.7091
train/OKLAHOMA/098.jpg,valid/OKLAHOMA/4.jpg,OKLAHOMA,train,valid,0.7087
train/IOWA/008.jpg,valid/IOWA/5.jpg,IOWA,train,valid,0.7087
train/CONNECTICUT/017.jpg,train/CONNECTICUT/040.jpg,CONNECTICUT,train,train,0.7085
valid/WYOMING/4.jpg,valid/WYOMING/5.jpg,WYOMING,valid,valid,0.7084
train/CNMI/60.jpg,train/CNMI/63.jpg,CNMI,train,train,0.7084
train/IOWA/084.jpg,train/IOWA/135.jpg,IOWA,train,train,0.7074
train/MARYLAND/021.jpg,train/MARYLAND/104.jpg,MARYLAND,train,train,0.7072
train/NEW YORK/014.jpg,train/NEW YORK/026.jpg,NEW YORK,train,train,0.7072
train/WEST VIRGINIA/077.jpg,train/WEST VIRGINIA/138.jpg,WEST VIRGINIA,train,train,0.7071
train/MARYLAND/022.jpg,train/MARYLAND/145.jpg,MARYLAND,train,train,0.7069
train/MARYLAND/023.jpg,train/MARYLAND/165.jpg,MARYLAND,train,train,0.7069
train/NORTH DAKOTA/068.jpg,train/NORTH DAKOTA/115.jpg,NORTH DAKOTA,train,train,0.7068
train/NEW YORK/062.jpg,train/NEW YORK/063.jpg,NEW YORK,train,train,0.7067
train/WYOMING/070.jpg,test/WYOMING/1.jpg,WYOMING,train,test,0.7064
train/WYOMING/010.jpg,train/WYOMING/035.jpg,WYOMING,train,train,0.7063
train/MARYLAND/130.jpg,valid/MARYLAND/5.jpg,MARYLAND,train,valid,0.7061
train/WYOMING/065.jpg,train/WYOMING/104.jpg,WYOMING,train,train,0.706
train/AMERICAN SAMOA/006.jpg,train/AMERICAN SAMOA/142.jpg,AMERICAN SAMOA,train,train,0.706
train/AMERICAN SAMOA/103.jpg,train/AMERICAN SAMOA/141.jpg,AMERICAN SAMOA,train,train,0.7054
train/MASSACHUSETTS/049.jpg,train/MASSACHUSETTS/079.jpg,MASSACHUSETTS,train,train,0.7054
train/MARYLAND/130.jpg,train/MARYLAND/141.jpg,MARYLAND,train,train,0.7053
train/WYOMING/094.jpg,train/WYOMING/130.jpg,WYOMING,train,train,0.7051
train/VERMONT/028.jpg,train/VERMONT/111.jpg,VERMONT,train,train,0.705
train/MISSOURI/009.jpg,train/MISSOURI/043.jpg,MISSOURI,train,train,0.705
train/MARYLAND/023.jpg,train/MARYLAND/130.jpg,MARYLAND,train,train,0.705
train/FLORIDA/091.jpg,train/FLORIDA/141.jpg,FLORIDA,train,train,0.7048
train/MISSIPPI/041.jpg,train/MISSIPPI/058.jpg,MISSIPPI,train,train,0.7048
train/OREGON/064.jpg,train/OREGON/091.jpg,OREGON,train,train,0.7045
train/AMERICAN SAMOA/105.jpg,train/AMERICAN SAMOA/109.jpg,AMERICAN SAMOA,train,train,0.7045
train/WYOMING/001.jpg,train/WYOMING/147.jpg,WYOMING,train,train,0.7044
train/ARKANSAS/022.jpg,train/ARKANSAS/150.jpg,ARKANSAS,train,train,0.7043
train/PUERTO RICO/073.jpg,train/PUERTO RICO/128.jpg,PUERTO RICO,train,train,0.7035
train/NEBRASKA/093.jpg,train/NEBRASKA/131.jpg,NEBRASKA,train,train,0.7034
train/U S VIRGIN ISLANDS/017.jpg,train/U S VIRGIN ISLANDS/022.jpg,U S VIRGIN ISLANDS,train,train,0.7032
train/SOUTH DAKOTA/105.jpg,train/SOUTH DAKOTA/111.jpg,SOUTH DAKOTA,train,train,0.7031
train/SOUTH DAKOTA/030.jpg,train/SOUTH DAKOTA/127.jpg,SOUTH DAKOTA,train,train,0.7031
train/WYOMING/083.jpg,train/WYOMING/087.jpg,WYOMING,train,train,0.703
train/WASHINGTON/031.jpg,train/WASHINGTON/155.jpg,WASHINGTON,train,train,0.703
train/WYOMING/007.jpg,train/WYOMING/145.jpg,WYOMING,train,train,0.7026
train/WYOMING/026.jpg,train/WYOMING/137.jpg,WYOMING,train,train,0.7025
train/MINNESOTA/008.jpg,train/MINNESOTA/080.jpg,MINNESOTA,train,train,0.7023
train/WYOMING/012.jpg,train/WYOMING/143.jpg,WYOMING,train,train,0.7023
train/NEBRASKA/015.jpg,train/NEBRASKA/017.jpg,NEBRASKA,train,train,0.7022
train/COLORADO/020.jpg,train/COLORADO/123.jpg,COLORADO,train,train,0.7019
train/OKLAHOMA/095.jpg,valid/OKLAHOMA/4.jpg,OKLAHOMA,train,valid,0.7016
train/MARYLAND/029.jpg,train/MARYLAND/141.jpg,MARYLAND,train,train,0.7011
train/NEW MEXICO/118.jpg,train/NEW MEXICO/131.jpg,NEW MEXICO,train,train,0.7011
train/WYOMING/058.jpg,train/WYOMING/073.jpg,WYOMING,train,train,0.701
train/WEST VIRGINIA/027.jpg,train/WEST VIRGINIA/091.jpg,WEST VIRGINIA,train,train,0.7008
train/TENNESSEE/023.jpg,train/TENNESSEE/113.jpg,TENNESSEE,train,train,0.7007
train/WYOMING/035.jpg,train/WYOMING/130.jpg,WYOMING,train,train,0.7004
train/NEBRASKA/034.jpg,train/NEBRASKA/136.jpg,NEBRASKA,train,train,0.7002
train/IDAHO/003.jpg,train/IDAHO/063.jpg,IDAHO,train,train,0.7002
train/MARYLAND/023.jpg,train/MARYLAND/053.jpg,MARYLAND,train,train,0.7001
