original_key,label,knn_label,knn_own,split_new,clean_path
Training/glioma/Tr-gl_1074.jpg,glioma,meningioma,0.0,train,data/brain_mri(clean_dataset)\train\glioma\glioma_00067.jpg
Training/glioma/Tr-gl_1173.jpg,glioma,meningioma,0.0,test,data/brain_mri(clean_dataset)\test\glioma\glioma_00165.jpg
Training/glioma/Tr-gl_1356.jpg,glioma,pituitary,0.0,train,data/brain_mri(clean_dataset)\train\glioma\glioma_00337.jpg
Training/glioma/Tr-gl_46.jpg,glioma,pituitary,0.0,test,data/brain_mri(clean_dataset)\test\glioma\glioma_00662.jpg
Training/glioma/Tr-gl_760.jpg,glioma,meningioma,0.0,test,data/brain_mri(clean_dataset)\test\glioma\glioma_00929.jpg
Training/glioma/Tr-gl_912.jpg,glioma,meningioma,0.0,valid,data/brain_mri(clean_dataset)\valid\glioma\glioma_01065.jpg
Testing/glioma/Te-gl_109.jpg,glioma,pituitary,0.0,train,data/brain_mri(clean_dataset)\train\glioma\glioma_03189.jpg
Testing/glioma/Te-gl_133.jpg,glioma,notumor,0.0,train,data/brain_mri(clean_dataset)\train\glioma\glioma_03213.jpg
Testing/glioma/Te-gl_187.jpg,glioma,notumor,0.0,test,data/brain_mri(clean_dataset)\test\glioma\glioma_03261.jpg
Testing/glioma/Te-gl_189.jpg,glioma,pituitary,0.0,train,data/brain_mri(clean_dataset)\train\glioma\glioma_03262.jpg
Testing/glioma/Te-gl_23.jpg,glioma,meningioma,0.0,train,data/brain_mri(clean_dataset)\train\glioma\glioma_03299.jpg
Testing/glioma/Te-gl_277.jpg,glioma,pituitary,0.0,train,data/brain_mri(clean_dataset)\train\glioma\glioma_03336.jpg
Testing/glioma/Te-gl_62.jpg,glioma,notumor,0.0,train,data/brain_mri(clean_dataset)\train\glioma\glioma_03458.jpg
Testing/glioma/Te-gl_87.jpg,glioma,meningioma,0.0,train,data/brain_mri(clean_dataset)\train\glioma\glioma_03479.jpg
Testing/glioma/Te-gl_97.jpg,glioma,notumor,0.0,test,data/brain_mri(clean_dataset)\test\glioma\glioma_03489.jpg
Training/meningioma/Tr-me_1013.jpg,meningioma,pituitary,0.0,train,data/brain_mri(clean_dataset)\train\meningioma\meningioma_01158.jpg
Training/meningioma/Tr-me_1064.jpg,meningioma,notumor,0.0,train,data/brain_mri(clean_dataset)\train\meningioma\meningioma_01190.jpg
Training/meningioma/Tr-me_1092.jpg,meningioma,glioma,0.0,train,data/brain_mri(clean_dataset)\train\meningioma\meningioma_01203.jpg
Training/meningioma/Tr-me_1147.jpg,meningioma,pituitary,0.0,train,data/brain_mri(clean_dataset)\train\meningioma\meningioma_01236.jpg
Training/meningioma/Tr-me_1180.jpg,meningioma,pituitary,0.0,valid,data/brain_mri(clean_dataset)\valid\meningioma\meningioma_01259.jpg
Training/meningioma/Tr-me_261.jpg,meningioma,glioma,0.0,valid,data/brain_mri(clean_dataset)\valid\meningioma\meningioma_01411.jpg
Training/meningioma/Tr-me_33.jpg,meningioma,pituitary,0.0,train,data/brain_mri(clean_dataset)\train\meningioma\meningioma_01448.jpg
Training/meningioma/Tr-me_49.jpg,meningioma,pituitary,0.0,train,data/brain_mri(clean_dataset)\train\meningioma\meningioma_01538.jpg
Training/meningioma/Tr-me_590.jpg,meningioma,glioma,0.0,train,data/brain_mri(clean_dataset)\train\meningioma\meningioma_01593.jpg
Training/meningioma/Tr-me_593.jpg,meningioma,pituitary,0.0,test,data/brain_mri(clean_dataset)\test\meningioma\meningioma_01595.jpg
Training/meningioma/Tr-me_658.jpg,meningioma,pituitary,0.0,train,data/brain_mri(clean_dataset)\train\meningioma\meningioma_01633.jpg
Training/meningioma/Tr-me_709.jpg,meningioma,pituitary,0.0,train,data/brain_mri(clean_dataset)\train\meningioma\meningioma_01669.jpg
Training/meningioma/Tr-me_720.jpg,meningioma,pituitary,0.0,train,data/brain_mri(clean_dataset)\train\meningioma\meningioma_01671.jpg
Training/meningioma/Tr-me_756.jpg,meningioma,glioma,0.0,train,data/brain_mri(clean_dataset)\train\meningioma\meningioma_01694.jpg
Training/meningioma/Tr-me_819.jpg,meningioma,pituitary,0.0,valid,data/brain_mri(clean_dataset)\valid\meningioma\meningioma_01729.jpg
Training/meningioma/Tr-me_82.jpg,meningioma,pituitary,0.0,train,data/brain_mri(clean_dataset)\train\meningioma\meningioma_01730.jpg
Training/meningioma/Tr-me_850.jpg,meningioma,pituitary,0.0,train,data/brain_mri(clean_dataset)\train\meningioma\meningioma_01746.jpg
Training/meningioma/Tr-me_862.jpg,meningioma,notumor,0.0,train,data/brain_mri(clean_dataset)\train\meningioma\meningioma_01753.jpg
Training/meningioma/Tr-me_886.jpg,meningioma,pituitary,0.0,train,data/brain_mri(clean_dataset)\train\meningioma\meningioma_01766.jpg
Training/meningioma/Tr-me_942.jpg,meningioma,notumor,0.0,train,data/brain_mri(clean_dataset)\train\meningioma\meningioma_01804.jpg
Training/meningioma/Tr-me_978.jpg,meningioma,glioma,0.0,train,data/brain_mri(clean_dataset)\train\meningioma\meningioma_01822.jpg
Training/meningioma/Tr-me_984.jpg,meningioma,pituitary,0.0,train,data/brain_mri(clean_dataset)\train\meningioma\meningioma_01825.jpg
Testing/meningioma/Te-me_111.jpg,meningioma,glioma,0.0,train,data/brain_mri(clean_dataset)\train\meningioma\meningioma_03497.jpg
Testing/meningioma/Te-me_117.jpg,meningioma,notumor,0.0,train,data/brain_mri(clean_dataset)\train\meningioma\meningioma_03500.jpg
Testing/meningioma/Te-me_138.jpg,meningioma,glioma,0.0,test,data/brain_mri(clean_dataset)\test\meningioma\meningioma_03508.jpg
Testing/meningioma/Te-me_156.jpg,meningioma,notumor,0.0,train,data/brain_mri(clean_dataset)\train\meningioma\meningioma_03516.jpg
Testing/meningioma/Te-me_169.jpg,meningioma,pituitary,0.0,train,data/brain_mri(clean_dataset)\train\meningioma\meningioma_03522.jpg
Testing/meningioma/Te-me_175.jpg,meningioma,glioma,0.0,train,data/brain_mri(clean_dataset)\train\meningioma\meningioma_03527.jpg
Testing/meningioma/Te-me_197.jpg,meningioma,glioma,0.0,train,data/brain_mri(clean_dataset)\train\meningioma\meningioma_03541.jpg
Testing/meningioma/Te-me_20.jpg,meningioma,glioma,0.0,train,data/brain_mri(clean_dataset)\train\meningioma\meningioma_03543.jpg
Testing/meningioma/Te-me_251.jpg,meningioma,notumor,0.0,train,data/brain_mri(clean_dataset)\train\meningioma\meningioma_03567.jpg
Testing/meningioma/Te-me_285.jpg,meningioma,glioma,0.0,train,data/brain_mri(clean_dataset)\train\meningioma\meningioma_03584.jpg
Testing/meningioma/Te-me_293.jpg,meningioma,glioma,0.0,train,data/brain_mri(clean_dataset)\train\meningioma\meningioma_03590.jpg
Testing/meningioma/Te-me_3.jpg,meningioma,glioma,0.0,train,data/brain_mri(clean_dataset)\train\meningioma\meningioma_03594.jpg
Testing/meningioma/Te-me_31.jpg,meningioma,notumor,0.0,test,data/brain_mri(clean_dataset)\test\meningioma\meningioma_03596.jpg
Testing/meningioma/Te-me_37.jpg,meningioma,notumor,0.0,train,data/brain_mri(clean_dataset)\train\meningioma\meningioma_03598.jpg
Testing/meningioma/Te-me_66.jpg,meningioma,glioma,0.0,train,data/brain_mri(clean_dataset)\train\meningioma\meningioma_03610.jpg
Testing/meningioma/Te-me_71.jpg,meningioma,glioma,0.0,train,data/brain_mri(clean_dataset)\train\meningioma\meningioma_03613.jpg
Testing/meningioma/Te-me_93.jpg,meningioma,pituitary,0.0,train,data/brain_mri(clean_dataset)\train\meningioma\meningioma_03622.jpg
Training/notumor/Tr-no_1007.jpg,notumor,meningioma,0.0,train,data/brain_mri(clean_dataset)\train\notumor\notumor_01841.jpg
Training/notumor/Tr-no_1042.jpg,notumor,pituitary,0.0,train,data/brain_mri(clean_dataset)\train\notumor\notumor_01859.jpg
Training/notumor/Tr-no_1073.jpg,notumor,pituitary,0.0,test,data/brain_mri(clean_dataset)\test\notumor\notumor_01871.jpg
Training/notumor/Tr-no_1172.jpg,notumor,pituitary,0.0,train,data/brain_mri(clean_dataset)\train\notumor\notumor_01918.jpg
Training/notumor/Tr-no_1219.jpg,notumor,glioma,0.0,valid,data/brain_mri(clean_dataset)\valid\notumor\notumor_01940.jpg
Training/notumor/Tr-no_1285.jpg,notumor,glioma,0.0,train,data/brain_mri(clean_dataset)\train\notumor\notumor_01965.jpg
Training/notumor/Tr-no_1331.jpg,notumor,glioma,0.0,valid,data/brain_mri(clean_dataset)\valid\notumor\notumor_01987.jpg
Training/notumor/Tr-no_215.jpg,notumor,glioma,0.0,train,data/brain_mri(clean_dataset)\train\notumor\notumor_02051.jpg
Training/notumor/Tr-no_261.jpg,notumor,glioma,0.0,valid,data/brain_mri(clean_dataset)\valid\notumor\notumor_02071.jpg
Training/notumor/Tr-no_307.jpg,notumor,glioma,0.0,test,data/brain_mri(clean_dataset)\test\notumor\notumor_02090.jpg
Training/notumor/Tr-no_31.jpg,notumor,glioma,0.0,train,data/brain_mri(clean_dataset)\train\notumor\notumor_02091.jpg
Training/notumor/Tr-no_383.jpg,notumor,pituitary,0.0,train,data/brain_mri(clean_dataset)\train\notumor\notumor_02119.jpg
Training/notumor/Tr-no_445.jpg,notumor,pituitary,0.0,train,data/brain_mri(clean_dataset)\train\notumor\notumor_02148.jpg
Training/notumor/Tr-no_539.jpg,notumor,pituitary,0.0,valid,data/brain_mri(clean_dataset)\valid\notumor\notumor_02183.jpg
Training/notumor/Tr-no_686.jpg,notumor,glioma,0.0,train,data/brain_mri(clean_dataset)\train\notumor\notumor_02230.jpg
Training/notumor/Tr-no_897.jpg,notumor,pituitary,0.0,train,data/brain_mri(clean_dataset)\train\notumor\notumor_02303.jpg
Testing/notumor/Te-no_77.jpg,notumor,pituitary,0.0,valid,data/brain_mri(clean_dataset)\valid\notumor\notumor_03675.jpg
Training/pituitary/Tr-pi_1007.jpg,pituitary,meningioma,0.0,train,data/brain_mri(clean_dataset)\train\pituitary\pituitary_02350.jpg
Training/pituitary/Tr-pi_34.jpg,pituitary,glioma,0.0,train,data/brain_mri(clean_dataset)\train\pituitary\pituitary_02758.jpg
Training/pituitary/Tr-pi_636.jpg,pituitary,glioma,0.0,valid,data/brain_mri(clean_dataset)\valid\pituitary\pituitary_02952.jpg
Testing/pituitary/Te-pi_134.jpg,pituitary,glioma,0.0,train,data/brain_mri(clean_dataset)\train\pituitary\pituitary_03686.jpg
Training/glioma/Tr-gl_100.jpg,glioma,meningioma,0.2,train,data/brain_mri(clean_dataset)\train\glioma\glioma_00002.jpg
Training/glioma/Tr-gl_1020.jpg,glioma,meningioma,0.2,train,data/brain_mri(clean_dataset)\train\glioma\glioma_00019.jpg
Training/glioma/Tr-gl_1027.jpg,glioma,meningioma,0.2,train,data/brain_mri(clean_dataset)\train\glioma\glioma_00024.jpg
Training/glioma/Tr-gl_1117.jpg,glioma,meningioma,0.2,valid,data/brain_mri(clean_dataset)\valid\glioma\glioma_00111.jpg
Training/glioma/Tr-gl_1153.jpg,glioma,meningioma,0.2,train,data/brain_mri(clean_dataset)\train\glioma\glioma_00144.jpg
Training/glioma/Tr-gl_1174.jpg,glioma,meningioma,0.2,train,data/brain_mri(clean_dataset)\train\glioma\glioma_00166.jpg
Training/glioma/Tr-gl_1321.jpg,glioma,meningioma,0.2,valid,data/brain_mri(clean_dataset)\valid\glioma\glioma_00304.jpg
Training/glioma/Tr-gl_1337.jpg,glioma,meningioma,0.2,train,data/brain_mri(clean_dataset)\train\glioma\glioma_00319.jpg
Training/glioma/Tr-gl_1369.jpg,glioma,meningioma,0.2,valid,data/brain_mri(clean_dataset)\valid\glioma\glioma_00350.jpg
Training/glioma/Tr-gl_162.jpg,glioma,pituitary,0.2,train,data/brain_mri(clean_dataset)\train\glioma\glioma_00396.jpg
Training/glioma/Tr-gl_257.jpg,glioma,meningioma,0.2,train,data/brain_mri(clean_dataset)\train\glioma\glioma_00480.jpg
Training/glioma/Tr-gl_276.jpg,glioma,meningioma,0.2,train,data/brain_mri(clean_dataset)\train\glioma\glioma_00498.jpg
Training/glioma/Tr-gl_352.jpg,glioma,meningioma,0.2,train,data/brain_mri(clean_dataset)\train\glioma\glioma_00565.jpg
Training/glioma/Tr-gl_487.jpg,glioma,meningioma,0.2,train,data/brain_mri(clean_dataset)\train\glioma\glioma_00686.jpg
Training/glioma/Tr-gl_51.jpg,glioma,meningioma,0.2,train,data/brain_mri(clean_dataset)\train\glioma\glioma_00708.jpg
Training/glioma/Tr-gl_577.jpg,glioma,meningioma,0.2,train,data/brain_mri(clean_dataset)\train\glioma\glioma_00766.jpg
Training/glioma/Tr-gl_642.jpg,glioma,meningioma,0.2,train,data/brain_mri(clean_dataset)\train\glioma\glioma_00823.jpg
Training/glioma/Tr-gl_717.jpg,glioma,meningioma,0.2,train,data/brain_mri(clean_dataset)\train\glioma\glioma_00890.jpg
Training/glioma/Tr-gl_891.jpg,glioma,meningioma,0.2,train,data/brain_mri(clean_dataset)\train\glioma\glioma_01045.jpg
Training/glioma/Tr-gl_918.jpg,glioma,meningioma,0.2,train,data/brain_mri(clean_dataset)\train\glioma\glioma_01070.jpg
Training/glioma/Tr-gl_920.jpg,glioma,meningioma,0.2,valid,data/brain_mri(clean_dataset)\valid\glioma\glioma_01073.jpg
Training/glioma/Tr-gl_985.jpg,glioma,meningioma,0.2,train,data/brain_mri(clean_dataset)\train\glioma\glioma_01132.jpg
Testing/glioma/Te-gl_104.jpg,glioma,meningioma,0.2,train,data/brain_mri(clean_dataset)\train\glioma\glioma_03184.jpg
Testing/glioma/Te-gl_149.jpg,glioma,meningioma,0.2,train,data/brain_mri(clean_dataset)\train\glioma\glioma_03229.jpg
Testing/glioma/Te-gl_18.jpg,glioma,meningioma,0.2,train,data/brain_mri(clean_dataset)\train\glioma\glioma_03255.jpg
Testing/glioma/Te-gl_181.jpg,glioma,meningioma,0.2,train,data/brain_mri(clean_dataset)\train\glioma\glioma_03257.jpg
Testing/glioma/Te-gl_212.jpg,glioma,meningioma,0.2,train,data/brain_mri(clean_dataset)\train\glioma\glioma_03284.jpg
Testing/glioma/Te-gl_252.jpg,glioma,meningioma,0.2,valid,data/brain_mri(clean_dataset)\valid\glioma\glioma_03318.jpg
Testing/glioma/Te-gl_263.jpg,glioma,meningioma,0.2,test,data/brain_mri(clean_dataset)\test\glioma\glioma_03325.jpg
Testing/glioma/Te-gl_336.jpg,glioma,meningioma,0.2,train,data/brain_mri(clean_dataset)\train\glioma\glioma_03388.jpg
Testing/glioma/Te-gl_341.jpg,glioma,notumor,0.2,train,data/brain_mri(clean_dataset)\train\glioma\glioma_03392.jpg
Testing/glioma/Te-gl_350.jpg,glioma,notumor,0.2,valid,data/brain_mri(clean_dataset)\valid\glioma\glioma_03400.jpg
Testing/glioma/Te-gl_76.jpg,glioma,meningioma,0.2,train,data/brain_mri(clean_dataset)\train\glioma\glioma_03468.jpg
Testing/glioma/Te-gl_78.jpg,glioma,notumor,0.2,train,data/brain_mri(clean_dataset)\train\glioma\glioma_03470.jpg
Testing/glioma/Te-gl_91.jpg,glioma,meningioma,0.2,train,data/brain_mri(clean_dataset)\train\glioma\glioma_03484.jpg
Training/meningioma/Tr-me_1006.jpg,meningioma,pituitary,0.2,train,data/brain_mri(clean_dataset)\train\meningioma\meningioma_01151.jpg
Training/meningioma/Tr-me_1029.jpg,meningioma,pituitary,0.2,train,data/brain_mri(clean_dataset)\train\meningioma\meningioma_01165.jpg
Training/meningioma/Tr-me_11.jpg,meningioma,glioma,0.2,valid,data/brain_mri(clean_dataset)\valid\meningioma\meningioma_01207.jpg
Training/meningioma/Tr-me_1129.jpg,meningioma,pituitary,0.2,train,data/brain_mri(clean_dataset)\train\meningioma\meningioma_01226.jpg
Training/meningioma/Tr-me_1145.jpg,meningioma,pituitary,0.2,train,data/brain_mri(clean_dataset)\train\meningioma\meningioma_01235.jpg
Training/meningioma/Tr-me_1201.jpg,meningioma,glioma,0.2,train,data/brain_mri(clean_dataset)\train\meningioma\meningioma_01273.jpg
Training/meningioma/Tr-me_1202.jpg,meningioma,glioma,0.2,train,data/brain_mri(clean_dataset)\train\meningioma\meningioma_01274.jpg
Training/meningioma/Tr-me_1233.jpg,meningioma,glioma,0.2,train,data/brain_mri(clean_dataset)\train\meningioma\meningioma_01291.jpg
Training/meningioma/Tr-me_1248.jpg,meningioma,pituitary,0.2,train,data/brain_mri(clean_dataset)\train\meningioma\meningioma_01299.jpg
Training/meningioma/Tr-me_1273.jpg,meningioma,glioma,0.2,train,data/brain_mri(clean_dataset)\train\meningioma\meningioma_01313.jpg
Training/meningioma/Tr-me_1287.jpg,meningioma,pituitary,0.2,train,data/brain_mri(clean_dataset)\train\meningioma\meningioma_01321.jpg
Training/meningioma/Tr-me_1297.jpg,meningioma,pituitary,0.2,train,data/brain_mri(clean_dataset)\train\meningioma\meningioma_01326.jpg
Training/meningioma/Tr-me_130.jpg,meningioma,glioma,0.2,train,data/brain_mri(clean_dataset)\train\meningioma\meningioma_01329.jpg
Training/meningioma/Tr-me_14.jpg,meningioma,notumor,0.2,train,data/brain_mri(clean_dataset)\train\meningioma\meningioma_01334.jpg
Training/meningioma/Tr-me_144.jpg,meningioma,pituitary,0.2,train,data/brain_mri(clean_dataset)\train\meningioma\meningioma_01337.jpg
Training/meningioma/Tr-me_166.jpg,meningioma,pituitary,0.2,valid,data/brain_mri(clean_dataset)\valid\meningioma\meningioma_01349.jpg
Training/meningioma/Tr-me_204.jpg,meningioma,glioma,0.2,train,data/brain_mri(clean_dataset)\train\meningioma\meningioma_01372.jpg
Training/meningioma/Tr-me_209.jpg,meningioma,glioma,0.2,train,data/brain_mri(clean_dataset)\train\meningioma\meningioma_01375.jpg
Training/meningioma/Tr-me_247.jpg,meningioma,glioma,0.2,valid,data/brain_mri(clean_dataset)\valid\meningioma\meningioma_01401.jpg
Training/meningioma/Tr-me_29.jpg,meningioma,pituitary,0.2,train,data/brain_mri(clean_dataset)\train\meningioma\meningioma_01423.jpg
Training/meningioma/Tr-me_335.jpg,meningioma,glioma,0.2,train,data/brain_mri(clean_dataset)\train\meningioma\meningioma_01451.jpg
Training/meningioma/Tr-me_392.jpg,meningioma,pituitary,0.2,train,data/brain_mri(clean_dataset)\train\meningioma\meningioma_01488.jpg
Training/meningioma/Tr-me_417.jpg,meningioma,glioma,0.2,train,data/brain_mri(clean_dataset)\train\meningioma\meningioma_01503.jpg
Training/meningioma/Tr-me_448.jpg,meningioma,glioma,0.2,train,data/brain_mri(clean_dataset)\train\meningioma\meningioma_01520.jpg
Training/meningioma/Tr-me_563.jpg,meningioma,pituitary,0.2,train,data/brain_mri(clean_dataset)\train\meningioma\meningioma_01576.jpg
Training/meningioma/Tr-me_671.jpg,meningioma,glioma,0.2,train,data/brain_mri(clean_dataset)\train\meningioma\meningioma_01643.jpg
Training/meningioma/Tr-me_681.jpg,meningioma,glioma,0.2,train,data/brain_mri(clean_dataset)\train\meningioma\meningioma_01650.jpg
Training/meningioma/Tr-me_803.jpg,meningioma,pituitary,0.2,train,data/brain_mri(clean_dataset)\train\meningioma\meningioma_01719.jpg
Training/meningioma/Tr-me_816.jpg,meningioma,pituitary,0.2,valid,data/brain_mri(clean_dataset)\valid\meningioma\meningioma_01726.jpg
Training/meningioma/Tr-me_817.jpg,meningioma,glioma,0.2,train,data/brain_mri(clean_dataset)\train\meningioma\meningioma_01727.jpg
Training/meningioma/Tr-me_820.jpg,meningioma,pituitary,0.2,train,data/brain_mri(clean_dataset)\train\meningioma\meningioma_01731.jpg
Training/meningioma/Tr-me_833.jpg,meningioma,pituitary,0.2,train,data/brain_mri(clean_dataset)\train\meningioma\meningioma_01737.jpg
Training/meningioma/Tr-me_871.jpg,meningioma,pituitary,0.2,test,data/brain_mri(clean_dataset)\test\meningioma\meningioma_01758.jpg
Training/meningioma/Tr-me_874.jpg,meningioma,pituitary,0.2,valid,data/brain_mri(clean_dataset)\valid\meningioma\meningioma_01761.jpg
Training/meningioma/Tr-me_898.jpg,meningioma,glioma,0.2,train,data/brain_mri(clean_dataset)\train\meningioma\meningioma_01773.jpg
Training/meningioma/Tr-me_926.jpg,meningioma,pituitary,0.2,train,data/brain_mri(clean_dataset)\train\meningioma\meningioma_01792.jpg
Training/meningioma/Tr-me_930.jpg,meningioma,pituitary,0.2,train,data/brain_mri(clean_dataset)\train\meningioma\meningioma_01795.jpg
Training/meningioma/Tr-me_952.jpg,meningioma,pituitary,0.2,train,data/brain_mri(clean_dataset)\train\meningioma\meningioma_01810.jpg
Training/meningioma/Tr-me_972.jpg,meningioma,glioma,0.2,valid,data/brain_mri(clean_dataset)\valid\meningioma\meningioma_01820.jpg
Training/meningioma/Tr-me_993.jpg,meningioma,pituitary,0.2,train,data/brain_mri(clean_dataset)\train\meningioma\meningioma_01831.jpg
Training/meningioma/Tr-me_996.jpg,meningioma,pituitary,0.2,test,data/brain_mri(clean_dataset)\test\meningioma\meningioma_01834.jpg
Testing/meningioma/Te-me_104.jpg,meningioma,glioma,0.2,train,data/brain_mri(clean_dataset)\train\meningioma\meningioma_03494.jpg
Testing/meningioma/Te-me_116.jpg,meningioma,glioma,0.2,train,data/brain_mri(clean_dataset)\train\meningioma\meningioma_03499.jpg
Testing/meningioma/Te-me_124.jpg,meningioma,pituitary,0.2,valid,data/brain_mri(clean_dataset)\valid\meningioma\meningioma_03502.jpg
Testing/meningioma/Te-me_126.jpg,meningioma,pituitary,0.2,train,data/brain_mri(clean_dataset)\train\meningioma\meningioma_03504.jpg
Testing/meningioma/Te-me_145.jpg,meningioma,pituitary,0.2,test,data/brain_mri(clean_dataset)\test\meningioma\meningioma_03512.jpg
Testing/meningioma/Te-me_174.jpg,meningioma,glioma,0.2,train,data/brain_mri(clean_dataset)\train\meningioma\meningioma_03526.jpg
Testing/meningioma/Te-me_195.jpg,meningioma,glioma,0.2,train,data/brain_mri(clean_dataset)\train\meningioma\meningioma_03540.jpg
Testing/meningioma/Te-me_223.jpg,meningioma,glioma,0.2,train,data/brain_mri(clean_dataset)\train\meningioma\meningioma_03551.jpg
Testing/meningioma/Te-me_232.jpg,meningioma,glioma,0.2,train,data/brain_mri(clean_dataset)\train\meningioma\meningioma_03559.jpg
Testing/meningioma/Te-me_241.jpg,meningioma,glioma,0.2,train,data/brain_mri(clean_dataset)\train\meningioma\meningioma_03562.jpg
Testing/meningioma/Te-me_288.jpg,meningioma,glioma,0.2,train,data/brain_mri(clean_dataset)\train\meningioma\meningioma_03587.jpg
Testing/meningioma/Te-me_290.jpg,meningioma,notumor,0.2,train,data/brain_mri(clean_dataset)\train\meningioma\meningioma_03589.jpg
Testing/meningioma/Te-me_47.jpg,meningioma,pituitary,0.2,train,data/brain_mri(clean_dataset)\train\meningioma\meningioma_03602.jpg
Testing/meningioma/Te-me_52.jpg,meningioma,pituitary,0.2,test,data/brain_mri(clean_dataset)\test\meningioma\meningioma_03606.jpg
Testing/meningioma/Te-me_82.jpg,meningioma,glioma,0.2,train,data/brain_mri(clean_dataset)\train\meningioma\meningioma_03617.jpg
Testing/meningioma/Te-me_86.jpg,meningioma,pituitary,0.2,train,data/brain_mri(clean_dataset)\train\meningioma\meningioma_03620.jpg
Training/notumor/Tr-no_1024.jpg,notumor,pituitary,0.2,train,data/brain_mri(clean_dataset)\train\notumor\notumor_01850.jpg
Training/notumor/Tr-no_1210.jpg,notumor,glioma,0.2,train,data/brain_mri(clean_dataset)\train\notumor\notumor_01937.jpg
Training/notumor/Tr-no_1398.jpg,notumor,pituitary,0.2,train,data/brain_mri(clean_dataset)\train\notumor\notumor_02021.jpg
Training/notumor/Tr-no_222.jpg,notumor,pituitary,0.2,train,data/brain_mri(clean_dataset)\train\notumor\notumor_02054.jpg
Training/notumor/Tr-no_743.jpg,notumor,glioma,0.2,train,data/brain_mri(clean_dataset)\train\notumor\notumor_02250.jpg
Training/notumor/Tr-no_998.jpg,notumor,pituitary,0.2,train,data/brain_mri(clean_dataset)\train\notumor\notumor_02341.jpg
Training/pituitary/Tr-pi_1242.jpg,pituitary,meningioma,0.2,valid,data/brain_mri(clean_dataset)\valid\pituitary\pituitary_02497.jpg
Training/pituitary/Tr-pi_1355.jpg,pituitary,meningioma,0.2,test,data/brain_mri(clean_dataset)\test\pituitary\pituitary_02580.jpg
Training/pituitary/Tr-pi_219.jpg,pituitary,meningioma,0.2,train,data/brain_mri(clean_dataset)\train\pituitary\pituitary_02667.jpg
Training/pituitary/Tr-pi_513.jpg,pituitary,meningioma,0.2,train,data/brain_mri(clean_dataset)\train\pituitary\pituitary_02873.jpg
Testing/pituitary/Te-pi_8.jpg,pituitary,meningioma,0.2,valid,data/brain_mri(clean_dataset)\valid\pituitary\pituitary_03790.jpg
